"NuméroPRODUIT";"PRODUIT";"PROPRIETE"
"4";"ADALATE LP ";"A CALCIQ"
"5";"AGYRAX";"NEURO"
"7";"ALDACTONE 75 MG";"DIU"
"8";"ALDACTONE 50 MG";"DIU"
"10";"ALDOMET 500 MG";"A H CENTRAL"
"11";"ALGICON";"GASTRO "
"12";"ALTIAZEM ";"A CALCIQ"
"13";"ALVITYL ";"FORTIF"
"14";"AMLOR 5MG";"A CALCIQ"
"15";"AMOCLAVIN ";"ATB"
"16";"AMOXYL 1 G   ";"ATB"
"17";"AMOXYL 500 ";"ATB"
"18";"ANDRIOL ";"A ASTH SX"
"19";"ANTIGRIPPINE";"GRIPPE"
"20";"ARTEX 5 MG";"BB"
"21";"ASPEGIC 100 MG";"AA PLQ"
"22";"ASPEGIC 250 MG";"AA PLQ"
"23";"ATARAX ";"A HIST"
"24";"AUGMENTIN 1G ";"ATB"
"25";"AUGMENTIN 500  MG";"ATB"
"26";"AVLOCARDYL 40 MG";"BB"
"27";"AVLOCARDYL160 MG";"BB"
"28";"AXIMYCINE ";"ATB"
"29";"AZANTAC 150  MG";"GASTRO "
"30";"AZANTAC 300 MG";"GASTRO "
"32";"BECIDOUZE";"VIT B"
"33";"BEMAG";"MG"
"34";"BERROCA ";"FORTIF"
"36";"BIOSEL";"SEL"
"37";"BIOTONE ";"FORTIF"
"38";"BI-TILDIEM 120 MG";"A CALCIQ"
"39";"BI-TILDIEM 90 MG";"A CALCIQ"
"40";"BRISTOPEN ";"ATB"
"41";"BRONCHATHIOL";"PNO"
"42";"CALCIBRONAT ";"CA+"
"45";"CARBOSYLANE ";"GASTRO "
"46";"CEPEVIT K";"VIT K"
"48";"CIBACEN 10 MG";"IEC"
"49";"CIBACEN 5 MG";"IEC"
"50";"CIPROXINE 250 MG";"ATB"
"51";"CIPROXINE 500 MG";"ATB"
"52";"CLARADOL500 MG";"ATB"
"54";"CLERIDIUM 150 MG";"AA PLQ"
"55";"CLOPRAM";"GASTRO "
"56";"CO DOLIPRANE";"PARACET"
"57";"COLOPATHYL";"GASTRO "
"58";"CONVERTAL 25 MG";"IEC"
"59";"CONVERTAL50 MG";"IEC"
"60";"CORANGIN 40 MG";"TRINITRINE"
"62";"CO-RENITEC  20 MG";"IEC"
"63";"CORVASAL 2 MG";"TRINITRINE"
"68";"CRONODINE 120 MG";"A CALCIQ"
"69";"CYCLO 3 FORT";"T VEINE"
"70";"DAFLON 500";"T VEINE"
"71";"DAONIL 5 MG";"A DIAB O"
"72";"DAZEN ";"AINS"
"73";"DECONTRACTYL BAUME ";"AINS"
"75";"DETENSIEL 10 MG";"BB"
"78";"DIFFUK";"POTASS"
"79";"DIGOXINE 0,25 MG";"DIGIT"
"80";"DIHYDRO ERGOTAMINE ";"AHYPOT"
"81";"DILRENE LP 300 MG";"A CALCIQ"
"82";"DILTIAZ ";"A CALCIQ"
"83";"DIOLIPRANE 500  MG";"PARACET"
"84";"DISORLAN 20 MG";"TRINITRINE"
"85";"DISORLAN 40 MG";"TRINITRINE"
"86";"DITROPAN";"URIN"
"88";"DOGMATIL CP 50 MG";"NEURO"
"89";"DOGMATIL FORT";"NEURO"
"90";"DOLGESIC";"PARACET"
"91";"DUOVENOR";"T VEINE"
"92";"DUXIL GTT";"NEURO"
"93";"EFFERALGAN";"PARACET"
"94";"EFFERALGAN VIT C";"PARACET"
"95";"EFFORTYL GTT ";"AHYPOT"
"96";"EQUANIL";"NEURO"
"98";"EUCARBON CP";"GASTRO "
"99";"FELDENE FAST ";"AINS"
"100";"FLECAINE100 MG";"A ARYTHM"
"101";"FLODIL LP ";"A CALCIQ"
"104";"FLUDEX1,25 MG";"DIU"
"105";"FLUMICILASPE";"PNO"
"106";"FONZYLANE 150 MG";"VASO DILA ART"
"107";"FONZYLANE 300 MG";"VASO DILA ART"
"108";"FRAXIP 0,3 MG";"HBPM"
"109";"FRAXIP 0,6 MG";"HBPM"
"110";"FUMAFER ";"FER"
"111";"GASTROGEL";"GASTRO "
"112";"GASTROPULGITE";"GASTRO "
"113";"GAVISCON ";"GASTRO "
"114";"GENTALLINE 160MG ";"ATB"
"115";"GENTALLINE 80 MG ";"ATB"
"116";"GENTAMEN 160MG ";"ATB"
"118";"GLUCOPHAGE 850 MG";"A DIAB O"
"120";"GLYVENOL";"T VEINE"
"122";"HEMIDAONIL 2,5 MG";"A DIAB O"
"125";"HICONCIL ";"ATB"
"126";"HYDERGINE GTT ";"AHYPOT"
"127";"HYPERDINE";"HYPERDINE"
"128";"HYPERIUM ";"A CALCIQ"
"129";"HYZAAR ";"IEC"
"130";"IKARAN LP ";"AHYPOT"
"131";"INDUCTON";"GASTRO "
"135";"KALIEF";"POTASS"
"136";"KARDEGIC 160 MG";"AA PLQ"
"137";"KARDEGIC 300 MG";"AA PLQ"
"138";"KERLONE 20 MG";"BB"
"139";"LANGACOR";"TRINITRINE"
"141";"LENITRAL 2,5 MG";"TRINITRINE"
"142";"LENITRAL FORT 7,5 MG";"TRINITRINE"
"145";"LIBRAX";"NEURO"
"149";"LOCABIOTAL";"ORL"
"151";"LOPRIL 25 MG";"IEC"
"152";"LOPRIL 50 MG";"IEC"
"153";"LOVENOX 0,4 MG";"HBPM"
"154";"LOVENOX 0,6 MG";"HBPM"
"155";"LOVENOX0,2 MG";"HBPM"
"156";"LOXEN 20 MG";"A CALCIQ"
"157";"LOXEN 50  MG";"A CALCIQ"
"158";"LUDIOMYL 25 MG";"NEURO"
"159";"LUDIOMYL 50 MG";"NEURO"
"160";"MAG2";"MG"
"161";"MAXEPA ";"A LIP"
"162";"MAXILLASE ";"AINS"
"164";"MEBERIVEN FORT";"VIT B"
"166";"MEGA MAG";"MG"
"168";"MICROLAX";"GASTRO "
"169";"MIGRALGINE";"PARACET"
"170";"MODINE ";"A CALCIQ"
"171";"MONOTILDIEM LP 200 MG";"A CALCIQ"
"172";"MONOTILDIEM LP 300 MG";"A CALCIQ"
"173";"MOVICOL";"GASTRO "
"174";"MUTESA";"GASTRO "
"175";"MYANTAL ";"AINS"
"176";"NATISEDINE ";"A ARYTHM"
"177";"NATISPRAY";"TRINITRINE"
"178";"NEOMERCAZOL";"THYROIDE"
"179";"NEUROBION";"VIT B"
"181";"NIBIOL FORT ";"ATB"
"182";"NITRIDERM 10 MG";"TRINITRINE"
"183";"NITRIDERM 5 MG";"TRINITRINE"
"184";"NITRIDERME 10 MG";"TRINITRINE"
"185";"NITRIDERME 5 MG";"TRINITRINE"
"186";"NOOTROPYL  SOL 800 MG";"NEURO"
"187";"NOOTROPYL CP 800  MG";"NEURO"
"188";"NORBILINE";"GASTRO "
"189";"ODRIK 0,5 MG";"IEC"
"190";"ODRIK 2 MG";"IEC"
"191";"OFLOCET ";"ATB"
"192";"OTORAGYL";"ORL"
"193";"PANADOL";"PARACET"
"194";"PARA C 1000 MG";"PARACET"
"195";"PARASPHAN";"PARACET"
"196";"PENAMOX ";"ATB"
"197";"PERSANTINE 75 MG";"AA PLQ"
"198";"PERVITAL ";"FORTIF"
"199";"PHOSPHALUGEL";"GASTRO "
"200";"PLAVIX ";"AA PLQ"
"201";"POTASSIUM SIROP";"POTASS"
"203";"PRAXILENE 200 MG";"VASO DILA ART"
"204";"PRESTOLE ";"DIU"
"205";"PRICIB FORT";"VIT B"
"206";"PRIMALAN";"PNO"
"207";"PROCLOR";"GASTRO "
"208";"PROZAC";"NEURO"
"209";"RELAXOL";"PARACET"
"210";"RENITEC 20 MG";"IEC"
"211";"RETALZEM ";"A CALCIQ"
"212";"RHINOFEBRAL";"PNO"
"213";"RISORDAN 10 MG";"TRINITRINE"
"214";"RISORDAN 20 MG";"TRINITRINE"
"215";"RISORDAN 40 MG";"TRINITRINE"
"216";"RISORDAN 5 MG";"TRINITRINE"
"217";"RISORDAN 60 MG";"TRINITRINE"
"218";"RYTHMODAN 100 MG";"A ARYTHM"
"219";"RYTHMOL 300 MG";"A ARYTHM"
"220";"SARGENOR ";"FORTIF"
"221";"SECTRAL 200 MG";"BB"
"222";"SECTRAL 400 MG";"BB"
"223";"SEGLOR ";"AHYPOT"
"224";"SINTROM ";"AVK"
"225";"SOLUPRED 20 MG";"AIS"
"226";"SOPROL ";"BB"
"227";"SOTALEX 160 MG";"BB"
"228";"SOTALEX 80 MG";"BB"
"229";"SPASFON ";"GASTRO "
"230";"SPASMAG";"MH"
"231";"SPASMOPRIVE";"GASTRO "
"232";"SPIROCTAN ";"DIU"
"233";"STAGID ";"A DIAB O"
"234";"STAPHYPEN ";"ATB"
"235";"STILNOX";"NEURO"
"236";"SURGAM 100 MG";"AINS"
"237";"SURGAM 200 MG";"AINS"
"238";"SURVECTOR";"NEURO"
"239";"TADENAN 50 MG";"URIN"
"242";"TANAKAN 40 MG";"AHYPOT"
"243";"TANAKAN SOL MG";"AHYPOT"
"244";"TARDIFERON B9 ";"FER"
"246";"TEMGESIC";"NEURO"
"249";"THAOR ";"A LIP"
"250";"TICLID 250 MG";"AA PLQ"
"251";"TIGRA ";"A ASTH SX"
"252";"TILDIEM 60 MG";"A CALCIQ"
"253";"TORENTAL LP 400 MG";"VASO DILA ART"
"254";"TOT HEMA ";"FER"
"255";"TOTAMINE GLUCIDIQUE ";"FORTIF"
"256";"TRANXENE 5 MG";"NEURO"
"257";"TRASICOR 80 MG";"BB !"
"258";"TRESORIX ";"FORTIF"
"259";"TRIATEC 1,25 MG";"IEC"
"260";"TRIATEC 2,5 MG";"IEC"
"261";"TRIATEC 5 MG";"IEC"
"264";"TRIVE 1000 ";"FORTIF"
"265";"TROPHYSON SIMPLE ";"FORTIF"
"267";"ULTRALEVURE SACHET";"GASTRO "
"268";"UNASYN ";"ATB"
"269";"URISPAS";"URIN"
"270";"UROCTAL  ";"ATB"
"271";"UVIMAG";"MG"
"272";"UVIMAG B6";"MG"
"273";"VASCOR";"TRIMETAZINE"
"274";"VASOBRAL ";"AHYPOT"
"276";"VEINOTONYL";"T VEINE"
"277";"VIAGRA";"SX"
"278";"VIT B1B 6 B12";"VIT B"
"279";"VITANEVRYL FORT";"VIT B"
"280";"VITANEVRYLB6 B12";"VIT B"
"281";"VIVAMYNE ";"FORTIF"
"282";"VOGALENE";"GASTRO "
"283";"VOLTARENE 50 MG";"AINS"
"284";"XANAX";"NEURO"
"285";"ZANTAC 150 MG";"GASTRO "
"286";"ZANTAC 300 MG";"GASTRO "
"287";"ZOCOR 20 MG";"A LIP"
"288";"ZOCOR 40 MG";"A LIP"
"289";"ZYLORIC 100 MG";"ZYL"
"290";"ZYLORIC 200 MG";"ZYL"
"295";"Aspirine 500 mg";"salycilé"
"296";"GLUCOPHAGE 500";"ANTI DIABETIQUE"
"297";"SMECTA";"GASTRO"
"298";"stresam";"neurol"
"299";"dilatrend 25 mg";"BB"
"300";"VASTAREL 35 MG";""
"303";"CARBACTIVE";"GASTRO"
"304";"AMOXYL 1G CP EFFERVESENT";""
"305";"theostat lp 100";""
"306";"theostat Lp 300";""
"310";"STABLON";"NEURO"
"311";"TAREG 80 MG";"AAII"
"312";"PRETHERAX";"IEC+DIU"
"313";"juvamyne";"fortif"
"314";"MONONITRIL 20 MG";"NITRES"
"315";"allergine";"pno"
"316";"STIMOL";"FORTIF"
"317";"TENORETIC";"BB+DIU"
"319";"lopressor 200mg";"bb"
"320";"pneumorel";"atb"
"321";"Catapressan";"AHC"
"322";"AVLOCAN";"BB"
"324";"CRONODINE 240MG";"ACA"
"325";"LEVOTHYROX 50MG";""
"326";"STABLON";"PSY"
"327";"COLCHICINE";""
"328";"CO TAREG";"ARAII"
"329";"AMAREL";"ADO"
"331";"VENTOLINE";"B2SM"
"333";"XANTHIUM";"PNO"
"335";"TENORETIC";"BB+DIU"
"336";"ARCALION";"PSY"
"338";"acti 5";""
"339";"prilvas 5 mg";"iec"
"340";"prilvas 20mg";"iec"
"341";"DILATREND 6,25";"BB"
"342";"furilan";"diu"
"346";"pneumorel";"atb"
"347";"extencilline 1200";"atb"
"348";"inohep 0,7 ml";"anti coag"
"349";"tareg 40";"AAII"
"350";"tareg 160 mg";"AAII"
"352";"primperan suppo";"gastro"
"353";"primperan sirop";"gastro"
"354";"omgen 10";"gastro"
"355";"supralox sirop";"gastro"
"356";"tamik";"migraine"
"357";"aspegic 1000";"aas"
"358";"lexomyl 6 mg";"neuro"
"359";"voltarene 100";"ains"
"360";"voltarene 75 mg";"ains"
"361";"voltARENE pommade";"ains"
"362";"thiasilix";"diu"
"364";"OMGEN 20MG";"GASTRO"
"365";"lofat";"zartan"
"366";"clamixene sirop";"pno"
"367";"agreal";"neuro"
"368";"anxiol";"neuro"
"369";"lescol";"zarton"
"371";"fluibron";"pno"
"372";"ZYRTEC";"ANTIHISTAMINIQUE"
"373";"modopar";"neuro"
"374";"régime sans sel";""
"375";"régime modérement salé";"regime"
"376";"régime sans sucre";"regime"
"377";"vitamine C 1000";"vit"
"378";"xalgix";"ais"
"379";"HYSAAR";"AAII"
"380";"vioxx 25mg";"anti cox2"
"382";"amoxyl 500 sirop";"atb"
"383";"CALCIBRONAT sirop";""
"384";"voltARENE 100 suppo";"ains"
"385";"BRONCHATHIOL SANS SUCRE";"PNO"
"387";"BIOLECTRA";"MG"
"388";"CHOLESTIN 20";"antichol"
"389";"esidrex";""
"390";"DUXIL cp";"neuro"
"391";"BITILDIEM 90";"ACA"
"393";"regime sans sel sel";"regime"
"394";"REGIME SANS SEL sucre";"regime"
"395";"REGIME SANS SUCRE";"regime"
"396";"REGIME SANS graisse";"regime"
"397";"xatral";"urinaire"
"398";"brexen";"ains"
"399";"atenor";"bb"
"400";"adizem";"aca"
"401";"BRICANYL";"beta2sm"
"402";"cholestin 40 mg";"zartan"
"403";"sulfam";"sulfamid hypog"
"404";"amovas 5mg";"aca"
"405";"IDARAC";"AINS"
"406";"TRIVASTAL LP";""
"407";"amlep";""
"408";"AMLOR 10 MG";"ACA"
"409";"DOLIPRANE 1G";"PARACETAMOL"
"410";"atepadene";""
"411";"codoliprane";"paracetamol"
"412";"pulmofuide";""
"413";"NORDAZ 7,5 MG";"NEURO"
"415";"doGMATIL sirop";""
"416";"CACIT";""
"417";"insulatard  hm";"insuline"
"418";"bissolvomycine";""
"419";"innohep 0,7ml";""
"420";"renitEC 5 MG";"iec"
"421";"glipharm";""
"422";"capozide";""
"424";"ORACILLINE";""
"425";"fenogal 200 mg";""
"426";"galirene";""
"427";"bisolvomycine";""
"428";"vertis";""
"429";"fragmine 2500";""
"430";"tremadol";""
"431";"lysanxia";""
"432";"FLUIBRON SANS SUCRE";""
"433";"lovenox 0,8 mg";"hbp"
"435";"VIOX 25MG";"ACOX2"
"436";"glucophAGE 1000";"anti diab"
"437";"glucor 100";"antidiab"
"438";"vitaMINE C sans sucre";"vitamine"
"439";"lisaspin 100 mg";"aap"
"441";"x FAIRE TP + INR";"bilan"
"443";"minidiab";"antidiab"
"445";"magne b6";"vit b"
"446";"amilo";"aca"
"448";"vaxigrippe";""
"450";"eludril bain de bouche";""
"451";"glycemat";""
"452";"paradex";""
"453";"CELEBREX 200 mg";"anti cox2"
"455";"AUGMENTIN 1G sachet";""
"458";"NIFGEN";""
"459";"procto glyvenol pde";""
"460";"muxol";""
"461";"duresan";""
"462";"CRISTAL SUPPO";""
"463";"actapulgite";""
"464";"MONONITRIL 40 mg";""
"465";"allopurinol";""
"466";"zyloric 300 mg";""
"467";"CO TAREG 160mg";""
"468";"DIOVENOR 600 MG";""
"469";"atacand 8mg";""
"470";"temesta 1 mg";""
"471";"no spa";""
"472";"MICRODIOL";""
"473";"diurex";""
"474";"coumadine";""
"475";"normet";"BB"
"476";"hiperdine";"ACA"
"477";"MICROVAL";""
"478";"celestene";""
"479";"KHINCH M BAREK";"GASTRO"
"480";"neutral cp";"GASTRO"
"481";"amlep 5mg";""
"482";"FLOXAPEN 500 mg";""
"483";"hexapneumine sirop";""
"484";"rovamycine 500";""
"485";"AMOVAS  10 MG";"ACA"
"486";"bioLECTRA direct";""
"487";"hydroxo 5000";"VIT B"
"488";"HYDRALIN SACHET";""
"489";"IKARAN SOL";""
"490";"zepam 6mg";""
"491";"PRIMPERAN CP";""
"492";"coronat 6,25 mg";"BB"
"493";"oedes";"ah2"
"495";"broncholibere";"PNO"
"496";"CORONAT 25MG";"BB"
"497";"ACUILIX";"IEC+DIU"
"498";"DEPAKINE 200 MG";"NEURO"
"499";"magmine";""
"500";"dolmax";""
"501";"oropivalone";"ORL"
"502";"BENCLAMIDE";"A DIAB O"
"503";"aditiva";"vitamine"
"504";"METEOSPASMYL";""
"506";"thrombopat";"AA PLQ"
"507";"dirusan";"DIURETIQUE"
"508";"broncholibčre";""
"509";"fraxodi 0,8ml";""
"510";"BREXEN sachet";""
"511";"lescOL 80mg";""
"512";"hextril bain de bouche";"bain de bouche"
"513";"cifloxine 250 mg";"ATB"
"514";"muzaril 50mg";""
"515";"vibra 200 mg";""
"516";"PERINDOPRIL 2MG";""
"517";"ZITHROMAX 400 MG";"MACROLYDE"
"518";"ULCEMAT 400 MG";""
"519";"LEVOTHYROX 50 UG";"THYROIDE"
"520";"FRAXODI 0,4ML";"HBPM"
"521";"venoxyl gel";"veinotonique"
"522";"MODURETIC";"DIURETIQUE"
"523";"SURMONTIL GTT";"NEURO"
"524";"activex";"A ASTH SX"
"525";"mintezol";""
"526";"amep";"ACA"
"528";"EXTENCILLINE 600";"ATB"
"529";"tilcotil 20mg";""
"531";"BETADINE";""
"532";"indolan 100 mg suppo";"AIS"
"533";"imudan";""
"534";"ISKEDYL FORT";""
"535";"topsyne";""
"536";"APROVEL 150 MG";"AAII"
"538";"co aprovel 150/12,5 mg";"AAII"
"539";"LIPANTHYL 160 MG";"hypolipemiant"
"540";"ulcestop";"GASTRO"
"541";"CO APROVEL 300/12,5 MG";"AAII"
"542";"alphagan 0,2%";""
"543";"omepral";"GASTRO"
"544";"serc";"vertiges"
"545";"AMEP 5MG";"ACA"
"546";"SPASMOPAN";"GASTRO"
"547";"lansoyl gelée";"GASTRO"
"548";"elizor";""
"549";"KETUM GEL";"AINS"
"550";"aldactazine";"DIURETIQUE"
"552";"belmazol";"GASTRO"
"553";"sintrom";"AVK"
"554";"adizeM 120";"ACA"
"555";"lisaspin";"aap"
"558";"tenordate";"BB+ACA"
"559";"amoxyl 500";"ATB"
"565";"uteplex";""
"566";"APROVEL 300 MG";""
"567";"amoxyl 1g";""
"568";"AMOXYL 250 MG";"ATB"
"570";"TRIATEC 10 MG";""
"571";"COLLYRE BLEU";""
"572";"staticol 20 mg";"antichol"
"573";"zantAC 75 MG";""
"574";"veinamitol 3500";""
"575";"ACCUPRIL 20 MG";"IEC"
"577";"ZILDAM 20MG";""
"578";"PROFENID GEL";"AINS"
"579";"urbanyl";""
"580";"lysopuric 100mg";""
"581";"adizem lp 300mg";"ACA"
"582";"lasilix  500mg";"DIURETIQUE"
"583";"visceralgine sirop";""
"584";"GIROFLOX 250MG";"ATB"
"586";"REDLIP 20";"antichol"
"587";"MULTI BIANTA";"vitamine"
"588";"bi pretherax";"IEC"
"589";"digestine";""
"592";"sulrid";""
"593";"sargenor";"vitamine"
"594";"vitamag";"MG"
"596";"amcard 5mg";"ACA"
"597";"amcard 10mg";"ACA"
"598";"C+FER";""
"599";"otrivine goutte";""
"600";"umuline rapide";""
"601";"hepadial";""
"602";"pervital";""
"603";"malox sirop";""
"604";"acticarbine";""
"605";"dioliprANE 1g";""
"606";"DIOLIPRANE 250  MG";""
"607";"amarEL 3mg";""
"608";"accuilix";""
"610";"catalgix 0,10 g";""
"611";"alergine";""
"612";"accuipril 5mg";""
"614";"dacrine";""
"615";"uroctal";""
"616";"spasfon";""
"617";"AVELOX 400";""
"618";"ATACAND 16mg";""
"619";"normatens 100 mg";""
"620";"pulvo";""
"621";"LASILIX INJECTABLE";""
"622";"NEUTRAL sirop";""
"624";"TAVANIC 500MG";""
"625";"AMOCLAVIN 1G";""
"626";"duspatalin 100mg";""
"627";"serdep";""
"628";"lipistat 20mg";""
"629";"DISGREN";""
"631";"amoxyl 1g";""
"632";"MUCINAN";""
"633";"spectrum 500 mg";""
"634";"mg 300mg";""
"635";"coltramyl injectable";""
"636";"VOLTARENE 75 MG inj";""
"637";"coltrAMYL cp";""
"638";"lyvothyrox 50 mg";""
"639";"diarsed neomycine";""
"641";"capen 25 mg";""
"642";"CAPEN 50 MG";"IEC"
"643";"STATICOL 40 MG";""
"644";"imodium";""
"645";"AMAREL 1MG";""
"646";"AMAREL 2MG";""
"647";"streptocid 1g";""
"648";"intetrix";""
"649";"humex";""
"650";"panalgic";""
"651";"DOLIPRANE 500mG";""
"652";"butazolidine";""
"653";"DICYNONE 250 mg";""
"654";"mibral 5mg";""
"655";"mibral 10mg";""
"656";"redLIP 40";""
"657";"IBERTEN 20 MG";"ACA"
"658";"IpERTEN 20 MG";""
"659";"ASPEGIC 500 MG";""
"660";"ANGINIB";""
"661";"percutalgine pommade";""
"662";"bactrim fort";""
"663";"MEGAFLOX  250 mg";"ATB"
"664";"oflOCET 250 mg";""
"665";"nocol 40 mg";""
"667";"otoralgine";""
"668";"nocOL 20 MG";""
"669";"dicYNONE 500mg";""
"670";"effipred 20mg";""
"671";"Floxapen 500mg";""
"672";"BIOSULIN";""
"673";"zolam 30mg";""
"674";"predni 20";""
"675";"lombostat";""
"677";"DIPICOR 5MG";""
"678";"multi fer";""
"679";"fibrocard 180 mg";""
"680";"DIPICOR 10 MG";"ACA"
"681";"hyATACAND 8MG / 12,5 mg";""
"682";"vita gam";""
"683";"OTIPAX GTT";""
"684";"vita gam magnesium 300";""
"685";"NICOPATCH";""
"686";"supradyne";""
"688";"rocmaline";""
"690";"HEC pommade";""
"691";"orex 500mg";""
"692";"trophirčse sirop enfant";""
"693";"sulpidal 50mg";""
"694";"TROPHIRČSE SIROP";""
"695";"seretide";""
"696";"ASCABIOL";""
"697";"APHTIRIA";""
"698";"COSAAR 50 MG";""
"699";"COSAAR 100 MG";""
"700";"sepcen 250 mg";""
"701";"GLUCOR 50";""
"702";"FUNGILYSE POMMADE";""
"703";"CICATRISOL PMDE";""
"704";"novoclin 1g";""
"705";"GYNERGENE";""
"707";"effemag 300 mg";""
"708";"HIPOTENSIL 25MG";""
"709";"floxaPEN 250 sirop";""
"710";"doliprane enfant sachet";""
"711";"sepcEN 500 MG";""
"712";"hipotensil 50mg";""
"713";"rovamYCINE 0,75 ui";""
"714";"dermoval creme";""
"716";"celesTENE gtt";""
"717";"novoCLIN 125 mg";""
"718";"superform";""
"719";"INDUCTON sirop";""
"720";"PROFENID INJ";""
"721";"bas varices";""
"722";"tegretol 200mg";""
"723";"ginsaforce";""
"724";"mercillon";""
"725";"insulet RAPIDE";""
"726";"AMILO 5mg";""
"727";"pernabol";""
"728";"auGMENTIN 250 mg";""
"729";"AMEP 10MG";""
"730";"celEBREX 100 mg";""
"731";"bisedal";""
"732";"mitozyl pommade";""
"733";"mercryl laurylé";""
"734";"glycémie";""
"735";"polery sirop";""
"736";"nibilet 5mg";""
"737";"SUPRALOX cp";""
"738";"SEPTIVON";""
"739";"VENTOLINE sirop";""
"740";"oroken 200mg";""
"741";"fer ucb enfant";""
"742";"CALCINIB";""
"743";"retALZEM 180mg";""
"745";"triglycérides";""
"746";"urée + créat";""
"747";"ezetrol 10mg";""
"749";"TRISIUM";""
"750";"FIBROCARD 240 MG";""
"751";"orapred";""
"752";"ADIZEM 90 MG";""
"754";"flagYL 500";""
"757";"bronchociste";""
"758";"LACINE 50MG";""
"759";"dermoval 0,05%  crčme";""
"760";"diprolčne 0,05% pde";""
"761";"depomedrol";""
"762";"NIFGEN LP 20MG";""
"763";"profENID suppo";""
"764";"lowrac 5mg";""
"766";"gepride 3mg";""
"767";"angispray";""
"768";"clofene G,R, 50";""
"769";"ANGINIB 50MG";""
"770";"bas VARICES N° 2";""
"771";"nivaquine 100mg";""
"772";"medrol 4mg";""
"773";"betADINE tulle 10 pour cent";""
"774";"compresses stériles";""
"777";"torva 10 mg";""
"778";"proton";""
"779";"alpraz";""
"781";"civastine 20mg";""
"782";"geprIDE 1MG";""
"783";"lasilix retard";""
"784";"CYCLO 3 pommade";""
"785";"penitard 1,2 mui";""
"786";"MG 100";""
"787";"biguan 850 MG";""
"788";"peniTARD 0,6 M,U,I";""
"789";"cardix 6,25mg";""
"790";"cardix 25mg";""
"791";"catalGIX 0,25 G";""
"792";"UREE";""
"793";"NFS";""
"795";"glyset 3 mg";""
"796";"calcinIB 10 mg";""
"797";"adex 2,5 mg";""
"798";"VITA GAM MG";""
"799";"RINOMICINE";""
"800";"NORMACOL";""
"801";"mucicil sirop";""
"802";"alfamox 1g";""
"803";"FLUZOFT";""
"804";"CALCINIB 5 MG";""
"805";"CLAVULIN 1g";""
"806";"nofebril
nofebril";""
"807";"gardeNAL 10mg";""
"808";"brEXEN 20mg";""
"809";"aspEGIC 1000 MG";""
"810";"PRINCIB FORT";""
"811";"crestor 10mg";""
"812";"aliviar 50 mg";"sulipride"
"813";"levitra 20mg";""
"814";"vigorex";""
"815";"cardensiel 2,5 mg";""
"816";"zeclar 250mg";""
"817";"GLYSET 2 MG";""
"818";"emplatre americain";""
"819";"olmetec 20mg";""
"820";"MODOPAR 25mg";""
"821";"madopar 250 mg";""
"822";"nifluril suppo";""
"823";"HYATACAND 16MG / 12,5 MG";""
"824";"CLARADOL plus";""
"825";"LEVOTHYROX 100MG";"AHYPOT"
"826";"HYTACAND 16MG/12,5MG";""
"827";"coralan 5mg";""
"828";"XYZALL";""
"829";"TECPRIL 5MG";"IEC"
"830";"AULCER";"GASTRO"
"831";"zenmag";"MG"
"832";"TECPRIL 10MG";""
"833";"HYPRIL";"IEC+DIU"
"834";"PRAZOL";"GASTRO"
"835";"vasurix 20 mg";""
"836";"DELAKET 30";"IEC"
"837";"GARDENAL 50 mg";""
"838";"TAHOR 10 MG";""
"839";"floximat";""
"840";"PROPOFAN";""
"841";"PROPOPHAN";""
"842";"zovas 20mg";""
"843";"akindex";"anti tussif"
"844";"isone 20mg";""
"845";"spiralide 3mui";""
"846";"tecpRIL 2,5MG";""
"848";"antinorex";""
"849";"benclamid 5mg";""
"850";"diastab";""
"851";"BAS VARICES N° 3";""
"852";"COLLU HEXTRIL";""
"854";"ALGANTIL 200";""
"855";"TIBERAL";""
"856";"aclav 1g";""
"857";"SIRDALUD 4MG";""
"858";"FELDENE 20MG";""
"859";"spasFON Lyoc";""
"860";"doliPRANE 300 mg";""
"861";"CALCIFIX";""
"863";"anafranyl 25mg";""
"864";"ADIZEM 240 mg";""
"865";"insuline NPH";""
"866";"acupan";""
"867";"biomag 300mg";""
"868";"cardura";""
"869";"kayexalate";""
"870";"forlax";""
"872";"COVERSYL 5 MG";""
"873";"COVERSYL 10 MG";""
"874";"ascal 100 mg";""
"875";"NORDITROPINE NORDILET";""
"876";"polyvitine";""
"877";"lectil 16 mg";""
"878";"vertig-lectil 16 mg";""
"879";"FLUMICIL";""
"880";"minerve";""
"881";"VASCOR lm";""
"882";"COZ-PREZAR";""
"883";"ADANCOR 10 MG";""
"884";"lasiLIX  special";""
"885";"bycutene pommade";""
"886";"TORVA 20 MG";""
"887";"piascelidine 300";""
"888";"kalmagas";""
"889";"prezar";""
"890";"genpress 1,25mg";""
"891";"di-indo 25mg";""
"892";"drill sirop";""
"893";"sanmiran 0,50";""
"895";"laroxyl 4%";""
"896";"CARVEDILOL 6,25";""
"897";"DELAPRIDE";""
"898";"FRAXIP 0,8 MG";""
"899";"FLAGYL 250 mg";""
"900";"CARVEDILOL 25 mg";""
"901";"normatENS 50 MG";""
"902";"tensiotec 5mg";""
"903";"TENSIOTEC 10MG";""
"904";"myolastan 50 mg";""
"905";"LIPISTAT 40MG";""
"906";"norditropine nordilet 5MG/1,5ML";""
"907";"BICARBONATE DE SOUDE";""
"908";"BICARBONATE DE SOUDE";""
"909";"BICARBONATE DE SOUDE";""
"911";"FUGIZONE";""
"912";"mixtard HN 30";""
"913";"biafine";""
"914";"royen 500mg";""
"915";"permixon 160mg";""
"916";"clenil forte spray";""
"917";"MOBIC 15MG";""
"918";"NAZONEX";""
"919";"lodoz 2,5/6,25 mg";""
"920";"flexotide";""
"921";"neoMERCAZOL-dimazol";""
"922";"lofAT 200mg";""
"923";"pravastatine 20mg GT";""
"924";"ginkor";""
"926";"ROVAMYCINE 1,5";""
"927";"chrono enargy 1000";""
"928";"birodogyl";""
"929";"AMAREL 4MG";""
"930";"exforge 5mg/160mg";""
"931";"EXFORGE 10MG/160MG";""
"932";"DIAMICRON 80 MG LM";""
"934";"CORALAN 7,5MG";""
"935";"thiobactin 500";""
"936";"nasonex";""
"937";"di-PREZAR fort";""
"938";"ROVAMYCINE 1,5 UI";""
"939";"co tAREG 80/12,5mg";""
"941";"minazole";""
"942";"NOVEX 0,6ML";""
"943";"VISCERALGINE inj";""
"944";"rantudil fort gel";""
"945";"lodOZ 10mg/6,25 MG";""
"946";"antagon";""
"949";"polydexa";""
"950";"CARTHIOL LP 2%";""
"951";"XALATAN";""
"952";"dimazol 10mg";""
"953";"NOVEX 0,7ML";""
"954";"seringue ŕ insuline";""
"955";"visceRALGINE suppo";""
"956";"fazol";""
"957";"alganTIL gel";""
"958";"inikal 5mg";""
"959";"biofar 12 vitamines";""
"960";"glucovance 500mg/2,5mg";""
"961";"fraxiP 0,4 MG";""
"962";"sodrix 1,5 mg";""
"963";"DICLO PHARMA 5";""
"964";"LEVAMOX1G/125MG";""
"965";"artotec 75mg/0,2mg";""
"966";"lipisTAT 10MG";""
"967";"myk 1%";""
"968";"fucidine 2% creme";""
"969";"anaFRANYL 75MG";""
"971";"zadryl 10mg";""
"972";"arcoxia 90mg";""
"973";"glema 2mg";""
"974";"pimlo 5mg";""
"975";"zotrol 100 mg";""
"978";"noveX 0,4ML";""
"979";"NOVOCLIN 500MG";""
"980";"ramipril/hydrochlorotiazide GT";""
"981";"acepril 4mg";""
"982";"ZOTROL 50 MG";""
"983";"IXOR 10mg";""
"984";"stator 20mg";""
"986";"clamoxyl 1g";""
"987";"xenid";""
"988";"tofranyl 25";""
"989";"betaserc";""
"990";"art 50mg";""
"991";"riacen creme";""
"992";"riaCEN gelule";""
"993";"fluxotide";""
"994";"spmasmyl sirop";""
"995";"CIVASTINE 40MG";""
"996";"novex 0,8ml";""
"998";"gydrelle phyto";""
"999";"amlor plus 5/10";""
"1000";"GEPRIDE 4MG";""
"1001";"nordAZ 15 MG
nordAZ 15 MG";""
"1002";"creatininémie";""
"1003";"cpk - ldh";""
"1004";"sgot-sgpt";""
"1005";"claradol";""
"1006";"losartan gt 50mg";""
"1007";"micardisPlus 80/12,5";""
"1008";"motilium";""
"1009";"airtal";""
"1010";"metformine win 500";""
"1011";"gleMA 1MG";""
"1012";"tanzar 50mg";""
"1013";"lorcard 5mg";""
"1014";"duoxol 500mg/2mg";""
"1015";"spasmyl";""
"1016";"tanzAR 100MG";""
"1017";"cardENSIEL 5 MG";""
"1018";"dolirhume
dolirhume";""
"1019";"LYVOTHYROX 25 MG";""
"1020";"dioveNOR 300mg";""
"1021";"lero DNV";""
"1022";"lero base";""
"1023";"lozartan gt 50mg";""
"1024";"accu-chek active";""
"1025";"thalamag";""
"1026";"dispamox 1g";""
"1027";"ATOPIX";""
"1028";"januvia 100mg";""
"1029";"coveram 10 mg /10 mg";""
"1030";"roxam 20mg";""
"1031";"ixor 20mg";""
"1033";"chibrocadron";""
"1034";"alzen";""
"1035";"carbidigest";""
"1036";"diruMAT lp";""
"1037";"KARDEGIC 75 MG";""
"1038";"dolrene 300mg";""
"1039";"novonorm 2mg";""
"1040";"genpress 2,5mg";""
"1041";"athymil";""
"1042";"ramipril win 10mg";""
"1043";"xenid 50mg";""
"1044";"myantalgic";""
"1045";"OXYMAG";""
"1046";"buccothymol";""
"1047";"lioresal 10 mg";""
"1048";"mgtop";""
"1049";"genpRESS 5MG";""
"1050";"anglor 10mg";""
"1051";"lozaRTAN GT 100MG";""
"1052";"altec 10mg";""
"1053";"sanmigran 0,05mg";""
"1054";"COVERAM 5 MG / 5 MG";""
"1055";"CLOFENE";""
"1056";"alteC 2,5mg";""
"1057";"FASIGYNE 500";""
"1058";"XEDILOL 6,25MG";""
"1059";"rhinathiol sirop";""
"1060";"cozAAR 100mg";""
"1061";"orapRED 20mg";""
"1062";"hexomic";""
"1063";"locatop crčme
locatop crčme";""
"1064";"TANAKAN 50 MG";""
"1065";"phydor";""
"1066";"amiLO 10mg";""
"1067";"hALDOL 2mg/ml";""
"1068";"ginsa 250";""
"1069";"ALTEC 5MG";""
"1070";"cicloviral";""
"1071";"hydracort";""
"1074";"neofer";""
"1075";"perdex lp";""
"1076";"douxol";""
"1077";"isoxan";""
"1078";"puvaryl";""
"1079";"normogastril";""
"1080";"dilovac 6,25 mg";""
"1081";"loscar 100mg/25mg";""
"1082";"CORTANCYL 20MG";""
"1083";"proctologue pde";""
"1085";"losacar 50/12,5
losacar 50/12,5";""
"1086";"solumedrol 40 mg
solumedrol 40 mg";""
"1087";"ANGLOR 5MG";""
"1088";"CRESTOR 20MG";""
"1089";"tardIFERON 80mg";""
"1090";"FUCIDINE";""
"1091";"GLUCOVANCE 500MG/5MG";""
"1092";"isoptine 240 mg";""
"1093";"brochofluide";""
"1094";"rhinimycine";""
"1095";"erector 25mg";""
"1096";"parantal 1g";""
"1098";"saflu 250";""
"1099";"kaliste";""
"1100";"KALISTE 20mg";""
"1101";"LOSARTAN GT 100MG";""
"1102";"RHINOMICINE";""
"1103";"bedelix";""
"1104";"euphon";""
"1105";"rhumix";""
"1106";"dactarin creme";""
"1108";"mefSAL 15mg";""
"1109";"ODRIK 4 MG";""
"1111";"astaph";""
"1112";"doronat plus";""
"1113";"chibropilocarpine 2%";""
"1114";"MAGTOP";""
"1115";"biprol 10mg";""
"1116";"osmosine";""
"1117";"manef 300 mg";""
"1118";"physiomer";""
"1119";"andol 1000mg";""
"1120";"azimycine promopharm";""
"1121";"neomox";""
"1122";"oxygenor 20mg";""
"1123";"RAMIPRIL WIN 5MG";""
"1124";"transilac lactulose 10/15";""
"1125";"broncolibčre";""
"1126";"ares 250/500";""
"1127";"inopril 4mg";""
"1128";"temeSTA 2,5 MG";""
"1129";"ZANIDIP 20mg";""
"1130";"sédatif PC";""
"1132";"nalgesic";""
"1133";"FRAXIP 0,7ML";""
"1134";"SEDATIF PC";""
"1135";"megasfon";""
"1136";"COVERAM 5 MG / 10 MG";""
"1137";"amlodipine win 5mg";""
"1138";"simvastatine GT 20mg";""
"1140";"ORAGIN";""
"1141";"argon";""
"1142";"carbolyne";""
"1143";"STERIMAR
109007	34193	COVERSYL 5 MG	1 cp 1 fois par jour 3MOIS		
109008	34193	DEPAKINE	2 cp 1 fois par jour 3MOIS		
109004	34193	KARDEGIC 160 MG	1 Sachet 1 x par jour 3MOIS";""
"1144";"maxi20";""
"1146";"kalest 20mg";""
"1147";"kalest 20mg";""
"1148";"exomuc";""
"1149";"bronchokod";""
"1150";"fennac";""
"1151";"activAROL c 1000";""
"1152";"BOUFF CHAL SEDAVAL PLUS";""
"1154";"tiasurex 1,5";""
"1155";"bronchofluide";""
"1156";"febrex";""
"1157";"relaxium 150";""
"1158";"CACIT vitamine D3";""
"1159";"cardENSIEL 1,25 MG";""
"1160";"proflox 500mg";""
"1162";"trimedat cp";""
"1163";"clopidogrel gt";""
"1164";"esac 20mg";""
"1165";"SIMVACOL 40MG";""
"1166";"MICARDIS 80MG";""
"1167";"nomyc";""
"1168";"laroxyl 25 mg
laroxyl 25 mg";""
"1169";"PIMLO 10MG";""
"1170";"CARDENSIEL 10 MG";""
"1171";"liometacin inj";""
"1172";"cardinor 6,25";""
"1173";"CARDINOR 25";""
"1174";"glimeWin 3mg";""
"1175";"GLEMA 4MG";""
"1176";"LYSO 6";""
"1177";"PEDOVEX 75MG";""
"1178";"prezAR 100mg";""
"1179";"HUMaX";""
"1180";"BI PRETHERAX 10 mg";""
"1181";"hepanat";""
"1182";"PREZAR 50MG";""
"1183";"DILOVAC 25 MG";""
"1184";"micARDIS 40MG";""
"1185";"FLOXAm gel";""
"1186";"arthrodont";""
"1187";"BI PRETHERAX 5m/1,25mg";""
"1188";"lioton gel";""
"1190";"transit";""
"1192";"mepramide";""
"1193";"symbicort";""
"1194";"spirivat";""
"1195";"eumoxol";""
"1196";"pevagine";""
"1197";"COVERAM 10 MG /5 MG";""
"1198";"GEPRIDE 2MG";""
"1199";"TRIVIMAG";""
"1200";"CLARTEC";""
"1201";"xedilol 25mg";""
"1202";"INOPRIL 8MG";""
"1203";"CORANGIN 60 MG";""
"1204";"askardil 160mg";""
"1205";"askardil 160mg";""
"1206";"askARDIL 75MG";""
"1207";"mycoster";""
"1208";"quinolox";""
"1209";"ESAC 40MG";""
"1210";"dermofix crčme";""
"1211";"indopharm";""
"1212";"CLOPRAM ENFANT";""
"1213";"alcon";""
"1214";"SPIRIVA";""
"1215";"AVAMYS";""
"1216";"azix 500";""
"1217";"azix 500";""
"1218";"azix 500";""
"1219";"glEMA 3mg";""
"1220";"madécassol pde";""
"1221";"lifongite crčme";""
"1222";"floxam 500mg";""
"1223";"zinnat tabletts 500mg";""
"1224";"andol 500mg";""
"1225";"doxymicine 100 mg";""
"1226";"INDOPHARM 100MG";""
"1227";"fungysone
fungysone";""
"1228";"ISONE 5MG";""
"1229";"AURICULARUM";""
"1230";"medizapin 2,5 mg";""
"1231";"oropropolis";""
"1234";"glimeWin 2mg";""
"1235";"cacit 1000";""
"1236";"un alpha";""
"1237";"sterogyl";""
"1238";"valsartan Win 160";""
"1239";"romac 300 mg";""
"1240";"JUVAMYNE effervescent";""
"1241";"LARGACTIL 25 MG";""
"1242";"algixene";""
"1243";"brufen";""
"1244";"s-citap 10mg";""
"1245";"VITA C 1000";""
"1246";"COTIPRED 20MG";""
"1248";"IDEOS";""
"1249";"SERETIDE 250MG";""
"1250";"panax";""
"1251";"bas VARICES N° 5";""
"1252";"dusPATALIN 200MG";""
"1254";"diaformrmine 1000";""
"1256";"rosustar 10mg";""
"1257";"S-CITAP 5mg";""
"1258";"SKODAL";""
"1259";"VALSARTAN WIN 80mg";""
"1260";"XANTHIUM lp 300mg";""
"1262";"STODAL";""
"1263";"STODAL";""
"1264";"STODAL";""
"1265";"genstat 10mg";""
"1266";"hemofast";""
"1267";"neo-dep 50mg";""
"1268";"redus";""
"1269";"REDLIP 40 boite 60 cp";""
"1270";"remox";""
"1271";"RAMITEC 5MG";""
"1272";"DIAFORMRMINE 850 mg";""
"1273";"ramitEC 10MG";""
"1274";"GIVALEX";""
"1275";"ramiteC 2,5MG";""
"1277";"alpraz 0,5mg";""
"1278";"ALPRAZ 1MG";""
"1280";"TRAMAL 50 MG";""
"1281";"no dep";""
"1282";"temgESIC cp";""
"1283";"efitac 150mg";""
"1284";"catex 500mg";""
"1285";"souakine";""
"1286";"benardyl";""
"1288";"omiz";""
"1291";"mycoderme";""
"1292";"newflex";""
"1293";"RELAXIUM 300";""
"1294";"atensil 40mg";""
"1295";"bidontogyl";""
"1296";"ALGIXENE 250mg";""
"1297";"CATAFLAN 50mg";""
"1298";"mediveine 600 mg";""
"1299";"levophta0,05%";""
"1300";"atensIL 160MG";""
"1301";"simvasTATINE win 20mg";""
"1302";"apadex lp";""
"1303";"VITAMAG 150mg";""
"1304";"Fosavance 70mg/5600ui cp";""
"1305";"carbosorb";""
"1307";"SURMONTIL cp";""
"1309";"atensil 80mg";""
"1310";"angiNIB 100mg";""
"1311";"hexomuc sachet";""
"1312";"tahor 20mg";""
"1314";"structum 500mg gelule";""
"1315";"artiflex gel";""
"1318";"NEBILET 5MG";""
"1319";"actrapid";""
"1320";"sit-cap";""
"1321";"-urée , créatinine";""
"1322";"-clearance de créatinine";""
"1323";"-hémoglobine glyquée";""
"1324";"-acide urique";""
"1325";"-NFS";""
"1326";"-vs";""
"1327";"-SGOT,SGPT";""
"1328";"-PSA";""
"1330";"-Kaliémie";""
"1331";"-Natrémie";""
"1332";"-TP, INR";""
"1333";"-calcémie, phosphorémie";""
"1338";"prazol 20mg";""
"1339";"seroplex 10mg";""
"1340";"mycospor";""
"1341";"-créatinine";""
"1342";"-tsh";""
"1343";"azimycine 500";""
"1344";"DIAMICRON 60 MG LM";""
"1345";"fenosup 160 mg";""
"1346";"CO-VALSARTAN WIN 160/25MG";""
"1347";"-aslo";""
"1348";"CO-OLMETEC 20mg/12,5mg";""
"1350";"SOLIAN 50 MG";""
"1351";"nupentin";""
"1352";"airlix 10";""
"1353";"ERCEFURYL 200 mg";""
"1354";"co plavix 75/100mg";""
"1355";"tahor 40 mg";""
"1356";"cozaar 50 mg";""
"1357";"CRESTOR 5MG";""
"1358";"- test respiratoire a l'urée 13c";""
"1359";"ballonyl";""
"1360";"avepro 150mg";""
"1361";"CURTEC 10MG";""
"1363";"stator 40mg";""
"1364";"inoHEP 0,5 ML";""
"1366";"loperium";""
"1367";"zoegas 20mg";""
"1368";"ransimva 20mg";""
"1370";"marimer";""
"1371";"kalmaner";""
"1373";"newGlin 0,5";""
"1374";"calcidia";""
"1375";"cortANCYL 1MG";""
"1376";"xarelto";""
"1377";"ancine 50mg";""
"1378";"AMLODIPINE WIN 10MG";""
"1379";"RIACEN";""
"1380";"AVEPRO 300MG";""
"1381";"levothYROX 200 mg";""
"1383";"co-tanzaar 100/25 mg";""
"1384";"CO-TANZAAR 50/12,5 MG";""
"1385";"pravator 20mg";""
"1386";"pravator 20mg";""
"1387";"fluoxet 20 mg";""
"1388";"glomerid 1,5 mg";""
"1389";"ancine plus";""
"1391";"doliPRANE vitaminec";""
"1392";"canaflucan 150mg";""
"1393";"XARELTO 10mg";""
"1394";"nauselium";""
"1395";"LODOZ 5MG/6,25 MG";""
"1396";"TIBERAL 500 MG";""
"1397";"RELAXIUM 300 b6";""
"1398";"cialis 20 mg";""
"1399";"unalfa 0,25 ug";""
"1400";"zynara";""
"1401";"agreter 75 mg";""
"1402";"agreter 75mg";""
"1403";"forvitine";""
"1404";"inexium 20mg";""
"1405";"venula 200mg";""
"1406";"-CPK";""
"1408";"neocip 250 mg";""
"1409";"LARMABAK 0,9%";""
"1410";"LARMABAK 0,9%";""
"1412";"ferplex 40mg";""
"1413";"trivasTAL 50mg LP";""
"1414";"dornat";""
"1415";"gyno-Dermofix";""
"1416";"hepadIAL 50mg";""
"1417";"MARIMAG";""
"1418";"glimepiride Win 2mg";""
"1419";"arginine veyron";""
"1420";"XENID 100mg";""
"1421";"zamox 1g";""
"1422";"umax 0,4 LP gélule";""
"1424";"OMIZ 20MG";""
"1425";"VEPRAN";""
"1426";"v";""
"1428";"XATRAL LP 10MG";""
"1429";"CO APROVEL 300/25 MG";""
"1432";"tobrex gtt";""
"1434";"soclav 1g/125mg";""
"1435";"paroxetine Win 20mg";""
"1436";"omiz 40 mg";""
"1437";"omiz 40 mg";""
"1438";"deroxat 20mg";""
"1439";"warm-up gel";""
"1440";"hexapneumine";""
"1441";"oxyal";""
"1442";"vasurIX lm 35 MG";""
"1443";"UVEDOSE 100 000 U,I";""
"1444";"ceruvin 75mg";""
"1445";"corpril 5mg";""
"1446";"tre-zen 20 mg";""
"1447";"co-vePRAN 150/12,5 MG";""
"1448";"co-avEPRO 150/12,5";""
"1449";"fortZAAR 100mg/25mg";""
"1450";"corpRIL 10MG";""
"1451";"jaNUmet 50mg/1000mg";""
"1452";"pansoral";""
"1453";"aureomycine Pde 2%";""
"1454";"flotral 10mg";""
"1455";"VOLTARENE 25 MG";""
"1456";"lanprol 20mg";""
"1457";"hexomedine";""
"1458";"uradox 2mg";""
"1459";"PONSTYL FORT";""
"1461";"trisulfa fort";""
"1462";"CORPRIL 1,5MG";""
"1463";"bouff CHAL menophyt-gs";""
"1464";"corpRIL 1,25MG";""
"1465";"LD-NOR 20MG";""
"1466";"AGLIM 2MG";""
"1467";"MENOPHYT-GS";""
"1468";"veprAN 150 mg";""
"1469";"enrouex";""
"1470";"bayctčne N crčme";""
"1471";"aller z 10mg";""
"1472";"royal shii-seng";""
"1473";" aller-z 10mg";""
"1474";"spriva";""
"1475";"terpone";""
"1476";"vitomeg";""
"1477";"SURGAM sirop";""
"1478";"ADO 500mg";""
"1479";"BI PRETHERAX 10 MG/2,5";""
"1480";"xarELTO 20mg";""
"1481";"hyzAAR 50/12,5";""
"1482";"priril 10mg";""
"1483";"MADÉCASSOL poudre";""
"1484";"tributine";""
"1485";"flAGYL 4%";""
"1486";"vizartan 50mg";""
"1487";"vizarTAN D 50/12,5mg";""
"1488";"LOZARTAN/hydrochlorothiazideGT50/12,5";""
"1489";"vepran 300mg";""
"1490";"co-vePRAN 300/25 mg";""
"1491";"bissoLVan";""
"1492";"ecbu";""
"1493";"- ecbu";""
"1494";"sevikar 20mg/5mg";""
"1495";"ado 1000mg";""
"1496";"co-plavix";""
"1497";"pectryl";""
"1499";"inegy 10/20mg";""
"1500";"prospan";""
"1501";"nefortan";""
"1502";"ado 850 mg";""
"1503";"vitD-osteop D-Cure";""
"1504";"D-cure";""
"1505";"IPAMIX";""
"1506";"LANTANON 30MG";""
"1507";"zaniDIP 10mg";""
"1508";"TECPRIL 1,25MG";""
"1509";"D-STRESS";""
"1510";"aspro 500mg";""
"1512";"DICLOMAX 50MG";""
"1513";"az 500mg";""
"1514";"LOZARTAN GT 50MG/12,5mg";""
"1515";"coIrbesar Sun 150/12,5";""
"1516";"COIRBESAR SUN 300mg/12,5mg";""
"1517";"tensioTEC 2,5MG";""
"1518";"LD-NOR 40MG";""
"1520";"irbesar Sun 150mg";""
"1521";"EXFORGE hct 10MG/160MG/25mg";""
"1522";"civasTINE 10MG";""
"1523";"CIIRBESAE SUN 150/12,5";""
"1532";"carboline";""
"1533";"ery 500";""
"1534";"structum 500 mg";""
"1535";"DI-PREZAR 50/12,5";""
"1536";"allvit";""
"1537";"ranitil 150 mg";""
"1540";"lipitor";""
"1541";"un-alfa 0,25ug";""
"1542";"irphi 150 mg";""
"1546";"voltarENE retard";""
"1548";"IRBESAR SUN 300MG";""
"1549";"BUTOVENT SIROP";""
"1550";"ECUCARBON";""
"1551";"antagON h2";""
"1552";"ANTAGON H2 200 mg";""
"1553";"brufen sirop";""
"1554";"ALTIAZEM 60MG ";""
"1555";"-groupage";""
"1557";"- Ac anti-HBc ";""
"1558";"-Ag HBs";""
"1559";"LOVENOX 0,7 MG";""
"1561";"-glyCÉMIE post prandiale";""
"1562";"-t3 t4";""
"1563";"-scaner cerebral";""
"1564";"TAHOR 80 MG";""
"1565";"BRUFEN 400MG";""
"1566";"-angioscaner pulmonaire";""
"1567";"CO-VEPRAN 300/12,5 MG";""
"1568";"olmadip 10mg";""
"1569";"-hvc";""
"1570";"-hvb";""
"1571";"-serologie hiv 1 net 2";""
"1572";"-antigčne hbs";""
"1573";"-ac anti hcv (hépatite c)";""
"1574";"-acétone des les urines";""
"1576";"novortan 150mg";""
"1577";"tarka 180/2mg";""
"1588";"bilirubine totale";""
"1589";"bilIRUBINE libre";""
"1590";"biliRUBINE conjuguee";""
"1594";"dona";""
"1596";"IRPHI PLUS 300/25MG";""
"1598";"IPROST  LP 10MG";""
"1599";"vicardia 5mg";""
"1600";"VEZAR 150 MG";""
"1601";"CO VEZAR 150/12";""
"1602";"CO VEZAR  150/112,5";""
"1603";"IRVEL 150";""
"1604";"ORELEX 100MG";""
"1606";"CO-VALSARTAN WIN 80/25MG";""
"1607";"raciper 40 mg";""
"1608";"costarval 80/12,5 mg";""
"1609";"COSTARVAL 160/12,5 MG";""
"1610";"starval 80 mg";""
"1611";"DUPHALAC sirop";""
"1612";"co-irvel 150/12,5";""
"1613";"VICARDIA 2,5 MG";""
"1614";"SIMCOR 40 MG";""
"1615";"copril 2,5 mg";""
"1616";"STAGID 700";""
"1617";"VITAMAG FST-GS";""
"1618";"AXIMYCINE 1G ";""
"1619";"MELOXAM 7,5 MG";""
"1620";"NITRODERM 10MG";""
"1621";"piripril 5 mg";""
"1623";"zythromax";""
"1624";"CO-IRVEL 300/12,5 MG";""
"1625";"-FER SERIQUE";""
"1626";"cloracef 500mg";""
"1627";"betastene";""
"1628";"broxyl sirop";""
"1630";"priril 5mg";""
"1632";"MYZOR 20mg";""
"1633";"PLAVIX 75MG";""
"1634";"IRPHI 150 MG/12,5MG";""
"1635";"rouvas sun 10 mg";""
"1636";"INSULET MIX 30";""
"1637";"perovasc 5mg";""
"1638";"PEROVASC 10MG";""
"1639";"-PROTEUNURIE DE 24H";""
"1640";"NOLIP 10 MG";""
"1641";"TAMOCOR 100MG";""
"1642";"FLACAINIDE: TAMBOCOR 100MG";""
"1643";"lantus solostar 100u/ml";""
"1644";"co AMAREL 2mg";""
"1645";"ROSUVAS SUN 10MG";""
"1646";"CO STARVAL 160/12,5";""
"1647";"AVAZAR 50MG";""
"1648";"gtt occ pf larmbak 0,9%";""
"1649";"simCOR 20 MG";""
"1650";"olmADIP 5mg";""
"1651";"glimiryl 3mg";""
"1652";"idol 100mg";""
"1653";"CO VEZAR  150/12,5";""
"1655";"THIASUREX LP 1,5";""
"1656";"SYMBICORT 200";""
"1657";"NOVORTAN 300MG";""
"1658";"JOSACINE 200mg";""
"1659";"CLOPRAM sirop";""
"1660";"shen qi-gs";""
"1662";"CORPRIL 2,5MG";""
"1663";"DIGREL 75MG";""
"1664";"EXFORGE 5MG/80MG";""
"1665";"perindopRIL5MG/amlodipine 5mg";""
"1667";"- MAGNESEMIE";""
"1668";"-CALCEMIE";""
"1669";"mobic 7,5 mg";""
"1670";"CO-VALSARTAN WIN 160/12,5MG";""
"1672";"STERITALC";""
"1673";"CLOPRAM SUPPO";""
"1674";"carboflore-gs";""
"1675";"-KALIÉMIE (SANS GAROT)";""
"1676";"ARTIC      FLEX-TONIC";""
"1677";"ULTRALEVURE GEL";""
"1678";"CO STARVAL 80/12,5";""
"1679";"INIKAL 10MG";""
"1680";"OMNIVIT";""
"1681";"MIOCAMEN 600MG";""
"1683";"ACLAV 500 MG";""
"1684";"BACTRIN POMMADE";""
"1685";"NEALGYL 80MG";""
"1687";"mirzam 10mg";""
"1688";"MIRZAM 5 mg";""
"1689";"VEZAR 300 MG";""
"1690";"nazair 50ug/dose";""
"1691";"cipamox 500mg";""
"1692";"CATaFLAM 250 mg";""
"1693";"medzar 50mg";""
"1694";"dologel";""
"1695";"cinet";""
"1696";"DI-PREZAR 50/12,5 MG";""
"1697";"CALCIUM";""
"1698";"ENERGIS";""
"1699";"DIOLIPINE 10 MG";""
"1700";"CELENO 25MG";""
"1701";"tigrA men ";""
"1702";"co-iprel 20/12,5";""
"1703";"EXFORGE HCT 10 mg/160 mg/12,5 mg";""
"1704";"ADALATE 20 MG";""
"1705";"CO VEZAR  300/12,5";""
"1706";"lyrica 25mg";""
"1707";"neweyes";""
"1708";"APPETIT FORVITINE";""
"1710";"--stoppe trt";""
"1711";"budena 10mg";""
"1712";"THROMBOCOR 100MG";""
"1713";"FLEC-THROMBOCOR 100MG";""
"1714";"ALDOMET 250";""
"1715";"codalgine";""
"1716";"PRP";""
"1718";"mezor 20mg";""
"1719";"fiongican";""
"1720";"CELENO 6,25MG";""
"1721";"ares 500";""
"1722";"RANSIMVA 40MG";""
"1724";"CLENOR 20MG";""
"1725";"MAGNE PLUS";""
"1726";"EHEN-QI";""
"1727";"neoflx";""
"1728";"insomnie laroxyl";""
"1729";"riaCEN 1% crčme";""
"1731";"provasc 5mg";""
"1732";"-albuminurie";""
"1733";"IRVEL 300 MG";""
"1734";"MELIMAG";""
"1735";"GAMMA GT";""
"1736";"-chi";""
"1737";"CLOFENE 1%";""
"1738";"FEBREX SANS SUCRE";""
"1739";"RINOMICINE SACHET";""
"1740";"EUCALYPTINE SIROP";""
"1741";"troponine c";""
"1742";"vital complex";""
"1743";"bioleCTRA mgnesium forte";""
"1744";"BAS VARICES N° 4";""
"1745";"difAL 50 mg";""
"1746";"PROFENID 50mg";""
"1747";"digervin 20 mg";""
"1748";"uradox 1MG";""
"1749";"bi tildiem sr 120 mg";""
"1750";"ALMLOR PLUS";""
"1751";"-BILIRUBINE TOTALE";""
"1752";"-BILIRUBINE LIBRE";""
"1753";"VALPHI 80MG";""
"1754";"COLENOR 20MG";""
"1755";"HYGIAFLORE";""
"1756";"tambocor 100mg";""
"1758";"-anticorps anti hiv";""
"1759";"NEOVIGMAG 300";""
"1760";"vartex 160 mg";""
"1761";"rozat 10mg";""
"1762";"co-vartex 160/25mg";""
"1763";"carbioline";""
"1764";"ZIVLOX 400MG";""
"1765";"ATBPUISSANT ZIVLOX400";""
"1766";"coeril 4mg";""
"1768";"COERIL 8MG";""
"1769";"butamyl ";""
"1770";"DERMINE";""
"1771";"pc";""
"1772";"-TEST DE DEPISTAGE DE SIDA";""
"1774";"-IONOGRAMME SANGUIN";""
"1775";"SINGULAIRE 10MG";""
"1776";"CINABAC 500";""
"1777";"tensiometre Omron N°3";""
"1778";"CO VEZAR  300/25,5";""
"1779";"rozat 20mg";""
"1780";"kcl ";""
"1781";"bepanthen";""
"1782";"CO-VARTEX 160/12,5MG";""
"1783";"-calcium";""
"1784";"-MICRO-ALBUMINURIE";""
"1785";"valphi 160 mg";""
"1786";"COLENOR 40MG";""
"1788";"varTEX 80 mg";""
"1789";"-phosphorémie";""
"1790";"DI-INDO 50MG";""
"1791";"MAALOX SIROP";""
"1792";"diprosone creme 0,05 %";""
"1793";"gliclazide 30mg";""
"1794";"bisoprolol 2,5mg";""
"1795";"-T4";""
"1796";"ANCINE PLUS 50/12,5";""
"1797";"-MAGNESEMIE (SANS GARROT)";""
"1798";"-KALIÉMIE (SANS GARROT)";""
"1799";"magasfon";""
"1800";"duspatalin 20mg";""
"1801";"vigam fer";""
"1803";"ippsium";""
"1804";"razon 40 mg";""
"1805";"odia 1mg";""
"1806";"CO-VARTEX 80/12,5MG";""
"1807";"prasugrel";""
"1808";"DULASTON 500MG/2MG";""
"1810";"-C";""
"1811";"lixiffor";""
"1812";"TARKA 240/4MG";""
"1813";"losartan / hydrochlorothiazide GT 50/12,5
LOSACAR 50/12,5";""
"1814";"CLOPICARD 75";""
"1815";"COIRBESAR SUN 300MG/25MG";""
"1816";"VALPHI 40MG";""
"1817";"-RX POUMON FACE ";""
"1819";"AERUS 5MG";""
"1820";"MYNAZOL";""
"1821";"LOCACID 0,05%";""
"1822";"CLOPICARD 75MG";""
"1823";"VAL PHI 80MG";""
"1825";"EXFORGE HCT 5 mg/160 mg/12,5 mg";""
"1826";"QUINOLOX 200MG";""
"1827";"TUNELUZ 20MG";""
"1828";"DOLAMINE ";""
"1829";"XANAX 0,5";""
"1831";"INEXIUM 40MG";""
"1833";"ephedryl";""
"1834";"co-zenovan 160/12,5";""
"1835";"zenovan 80mg";""
"1836";"STANORM 10MG";""
"1838";"AM5";""
"1839";"rosuSTAR 20MG";""
"1840";"VEIN UP CREME";""
"1841";"zofénil 30 mg";""
"1842";"GLIMIRYL 2MG";""
"1843";"forlAX 10g";""
"1844";"ZENOVAN 40MG";""
"1845";"OEDES 20MG";""
"1846";"andacor 10 mg";""
"1847";"PREVISCON";""
"1848";"AZIBAG";""
"1849";"-PLAQUETTES";""
"1850";"pravafenix 40/160";""
"1851";"INILASE 75MG";""
"1852";"LOTEVAN 10/160";""
"1853";"  PAS DE TRAITEMENT";""
"1855";"preax";""
"1856";"seretide 250/50";""
"1857";"vartEX 40 MG";""
"1858";"exacyl ampoule";""
"1859";"fortmag 300mg";""
"1861";"GABAMOX 300 MG";""
"1862";"noliP 20 MG";""
"1863";"dicarvel 6,25";""
"1864";"JUVAMYNE GINSENG TONUS";""
"1865";"KLIPAL 300/25";""
"1866";"-IONOGRAMME urinaire";""
"1867";"-protidémie";""
"1868";"RHINOMYCINE";""
"1869";"SEVIKAR 40MG/10MG";""
"1870";"ransifex";""
"1871";"- tp inr";""
"1872";"GLIMEPIRIDE WIN 3MG";""
"1873";"ECOCLAV 1G/125 MG";""
"1874";"CO TAREG 160MG/25 MG";""
"1875";"ALTIAZEM 60 MG ";""
"1876";"SIMVACOL 20MG";""
"1877";"flocip 250mg";""
"1878";"ZOLOFT 50MG";""
"1879";"cetamyl 1g";""
"1880";"aximYCINE 1g ";""
"1881";"SAPHIR 1G";""
"1882";"anapred 20mg";""
"1883";"LACMITAL 100MG";""
"1884";"INOHEP 0,9 ML";""
"1885";"medzar 100MG";""
"1886";"BRONCHOKOD SANS SUCRE";""
"1887";"AVACOR 300MG";""
"1888";"STANORM 20MG";""
"1889";"PRETHERAX 2,5/0,625";""
"1890";"DICARVEL 25";""
"1891";"OEDES 20MG 52 GEL";""
"1892";"CHIBROXINE 0,3%";""
"1893";"CALCIUM sirop";""
"1894";"PRIRIL 2,5MG";""
"1895";"LEVOTHYROX 25 UG";""
"1896";"PIASCLEDINE 300";""
"1897";"PECTRYL SIROP";""
"1898";"METFORMINE WIN 850";""
"1899";"vezAR 75 mg";""
"1901";"PROFENID 100MG";""
"1902";"VALPHI PLUS 160/25";""
"1903";"VALPHI PLUS 80/12,5";""
"1904";"CO-VIZARTAN 50/12,5MG";""
"1905";"VICARDIA 10MG";""
"1906";"novalgine 500mg";""
"1907";"neomoX 1g";""
"1908";"BRONCHOKOD SANS SUCRE (GRD MODEL)";""
"1909";"DOLPINE 10 MG";""
"1910";"IMUREL";""
"1912";"LOVENOX 0,2 MG";""
"1913";"noveX 0,2ML";""
"1914";"depakINE 500";""
"1915";"AMYLASEMIE";""
"1916";"AMYLASURIE";""
"1917";"siccafluid 2,5mg/g";""
"1918";"OFLOCET solution auriculaire";""
"1919";"xarELTO 15 mg";""
"1920";"CIRCULEX";""
"1921";"APROVASC150/5";""
"1922";"AMOXYL 250";""
"1923";"MOLGAm";""
"1924";"ALDATO";""
"1925";"AGREL 75";""
"1926";"ESCITALOPRAM 15MG";""
"1927";"CO-ARAPRO 300MG/25MG";""
"1928";"BREXIN 20MG";""
"1929";"iposec 30mg";""
"1930";"APROVASC00/10MG";""
"1931";"ATENOR 100MG";""
"1934";"aproVASC300/5MG";""
"1936";"osmolax";""
"1937";"SIMVASTATINE WIN 40MG";""
"1938";"co-aprovel 300/12,5";""
"1939";"dafloN 1000";""
"1940";"spironolactone 25mg";""
"1941";"furosémide 40mg";""
"1942";"atenolol 50 mg";""
"1943";"aulCER 20 mg";""
"1945";"TANGANILG 500mg";""
"1946";"APROVASC300/10MG";""
"1947";"LD-NOR 10MG";""
"1949";"costal 20 mg";""
"1950";"bilan nfs et tsh";""
"1951";"bilAN coagulation";""
"1952";"BILAN THYROIDES";""
"1954";"BILAN STANDART";""
"1955";"bilan renal";""
"1957";"-NFS plaquettes";""
"1958";"zofenil 30 mg";""
"1959";"APROVASC150/10mg";""
"1961";"--ARAII";""
"1962";"--DIURETIQUES";""
"1963";"--ASPIRINE";""
"1965";"--BETABLOQUANTS";""
"1966";"--STATINES";""
"1968";"--NITRES";""
"1969";"poli";""
"1970";"-NFS-VS";""
"1971";"- CRP";""
"1972";"caplor 75";""
"1973";"zylax 400 mg";""
"1974";"CACIT 500";""
"1975";"PRELECTAL 5MG/1,25";""
"1976";"-PROTEINURIE 24H";""
"1977";"VISCERALGINE cp";""
"1978";"TRIMAREL 35 MG";""
"1979";"calcium:osteocare";""
"1980";"osteocare ";""
"1981";"ARAII+ACA+DIU SULIAT";""
"1982";"SULIAT 80/5";""
"1983";"SULIAT 160/5";""
"1984";"SULIAT 160/10";""
"1985";"SULIAT HCT 160/5/12,5";""
"1986";"SULIAT HCT 160/5/25";""
"1987";"SULIAT HCT 160/10/12,5";""
"1988";"SULIAT HCT 160/10/25";""
"1989";"lotEVAN 5/320";""
"1990";"atarAX 25 mg";""
"1991";"cateX 250 mg";""
"1992";"ytava";""
"1993";"-radiox rachis lombaire F+P";""
"1994";"ZOPIDOX 10 MG ";""
"1995";"IRPHI plus 150 MG/12,5MG";""
"1996";"belmaZOL 20 mg";""
"1997";"PRETERAX 2,5/0,625";""
"1998";"APROVASC 300/10MG";""
"2000";"co-ANGINIB 50/12,5";""
"2001";"avčne pommade";""
"2002";"-scanner cerebral";""
"2003";"LOTEVAN 5/160 mg";""
"2004";"ZENOVAN 160MG";""
"2005";"bisocard 2,5 mg";""
"2006";"CO-ZENOVAN 80/12,5";""
"2007";"-VMA (sang)";""
"2008";"-VMA (urines 24 h)";""
"2009";"- acide urique";""
"2010";"artemon 5/5";""
"2011";"alzol 20 mg";""
"2012";"COSTAL 10 MG";""
"2013";"-AMYLASEMIE";""
"2014";"-AMYLASURIE";""
"2015";"-radiOX RACHIS CERVICAL F+P";""
"2016";"riamec 10mg";""
"2017";"-echographie abdominale";""
"2018";"TENORMINE 100 mg";""
"2019";"lanpROL 30MG";""
"2020";"-bilan standard";""
"2022";"bisoCARD 5 mg";""
"2023";"co-acard 50/12,5";""
"2024";"uperio 50mg";""
"2025";"ACARD 50MG";""
"2026";"bipROL 2,5 mg";""
"2027";"losgita 10 mg ";""
"2028";"CO-APROVEL 150/12,5";""
"2029";"BIPROL 5MG";""
"2030";"omron N°2";""
"2031";"icard 150mg";""
"2032";"cosyrel 5mm/5mg";""
"2033";"-bilan rénal";""
"2034";"cosyREL 10MG/5MG";""
"2035";"natriXAM 1,5/5mg";""
"2036";"* bilan coagulation";""
"2037";"* bilan glucidique";""
"2038";"* bilan hépatique";""
"2039";"* ionogramme";""
"2040";"* bilan lipidique";""
"2041";"* bilan rénal";""
"2042";"* bilan inflammatoire";""
"2043";"* bilan thyroidien";""
"2044";"* bilan standard";""
"2045";"* bILAN USUEL";""
"2046";"*HEMOGRAMME";""
"2047";"COSYREL 5MM/10MG";""
"2048";"AMLOR 10MG";""
"2049";"COSYREL 10MG/10MG";""
"2051";"hyplos 50 mg";""
"2052";"S-CORT 20 MG";""
"2053";"febrate 160 mg";""
"2054";"irphI 75 MG";""
"2055";"CALMAVITE";""
"2056";"arteMON 10/10 mg";""
"2058";"ARRET ASPEGIC";""
"2059";"DIABALEX 60";""
"2060";"viam fer";""
"2061";"VI GAM FER";""
"2062";"brilique 90";""
"2063";"nebo crčme";""
"2064";"agiderm";""
"2065";"-rADIOX RACHIS CERVICAL F+P+3/4";""
"2066";"ARAPRO 300";""
"2067";"CO-ICARD 150/12,5MG";""
"2068";"tritazIDE 5/25mg";""
"2069";"ofloCET 200mg";""
"2070";"CO-MEDZAR 50/12,5";""
"2071";"cureMAg b6";""
"2073";"ceftriaxone 2g";""
"2074";"ERY 250 MG, Sachet";""
"2075";"esciplex 10mg";""
"2076";"-rADIOX poumon ";""
"2078";"IRPHI PLUS 300/12MG";""
"2079";"IRPHI 300 MG";""
"2081";"glucomčtre";""
"2083";"-LDL CHOLESTEROL";""
"2084";"ZOFENIL PLUS  30 MG/12,5MG";""
"2086";"CALCIDIA 1,54G";""
"2087";"TENSIOMETRE MICROLIFE";""
"2089";"foster";""
"2090";"xytENOL 100mg";""
"2091";"OXIFLOR 200MG";""
"2092";"- CRÉATININE";""
"2093";"CALCIBRONAT";""
"2094";"-MARQEURS CA 19-9";""
"2095";"BI PROFENID LP 100MG";""
"2096";"irvEL 75 mg";""
"2097";"-psa ";""
"2098";"tensemide 2,5 mg";""
"2099";"TENSEMIDE 5 MG";""
"2101";"=Acnticorps anti-nucléaires";""
"2102";"=Anticorps anti dnanatif de type TgG(CLIA)";""
"2103";"=Anticorps ANTI antigenes nucleairessolubles(ena depistage)";""
"2104";"=ANTICORPS ANTI b2glycoproteines igm";""
"2105";"=ANTICORPS ANTI B2 GLYCOPROTEINES IGM";""
"2106";"=ANTICORPS ANTI cardiolipines igg";""
"2107";"=proteine c et s";""
"2108";"=Anticorps = Anti-Phospholipides (APL) :";""
"2109";"taraxet 25mg";""
"2111";"stremag Mg 300mg";""
"2112";"IRPHI  PLUS 150 MG/12,5MG";""
"2113";"suliat 160/10 mg";""
"2114";"CO-APROVEL 300/25 mg";""
"2116";"extramag";""
"2117";"oerap";""
"2119";"APROVASC 300/5MG";""
"2121";"MYANTALGIC 37,5/325mg";""
"2122";"ORAPRED 5MG";""
"2123";"- AC ANTI-HBC TOTAUX";""
"2124";"-SEROLOGIE DE L'HEPATITE C";""
"2125";"-SERODIAGNOSTIC DE HIV1 ET 2";""
"2126";"beroca";""
"2127";"titanoreine";""
"2128";"TITANOREINE suppo";""
"2130";"BILAN usuel";""
"2131";"ranciphex";""
"2132";"ALTIAZEM 60 MG, Comprimé";""
"2133";"inros";""
"2134";"BISOCARD 10 MG";""
"2135";"APROVASC 150/5MG";""
"2136";"motilIUM sirop";""
"2137";"ranciphex 20 mg";""
"2138";"ROSUVAS SUN 20MG";""
"2139";"UPERIO 200MG";""
"2140";"INSPRA 50 MG, Comprimé";""
"2141";"CO-OLMETEC 40 / 12,5 MG, Comprimé pelliculé";""
"2142";"TRAMADOL NORMON 50 MG, GÉLULE";""
"2143";"* BILAN";""
"2144";"stilNOX 6,25 mg";""
"2145";"ADANCOR 20 MG";""
"2146";"DIAMOX 250 MG";""
"2147";"prochain rendez-vous:";""
"2149";"cortANCYL 5MG";""
"2150";"echographie throidienne";""
"2152";"ICARD 300 MG";""
"2153";"BILAN";""
"2155";"viagRA 50mg";""
"2156";"zydex lp";""
"2157";"atiken160";""
"2158";"Uvedose 100 000 U.I solution buvable";""
"2159";"cholestiN 10";""
"2160";"avancor 300mg";""
"2161";"bestor 10mg";""
"2162";"amiprim 50mg";""
"2163";"RENDEZ-VOUS LE";""
"2164";"-TRANSAMINAS ";""
"2165";"avacoR 150 mg";""
"2167";"LAROXYL GOUTTES
LAROXYL 25 MG";""
"2168";"ferritinémie";""
"2169";"- angioscaner aorte abdominal";""
"2170";"-ALPHA FOETO PROTEINE";""
"2171";"LAROXYL 40MG/ML
LAROXYL 25 MG";""
"2172";"BRICANYL 5 mg LP Comprimé";""
"2173";"GALVUS 50MG";""
"2174";"UREE ";""
"2175";"-UREE ";""
"2176";"IRM DORSO LOMBAIRE";""
"2177";"NOCICEPTOL";""
"2178";"CO-ARAPRO 300MG/12,5MG";""
"2179";"TRITAZIDE 10mg/25mg";""
"2180";"SERTAM 50MG";""
"2181";"TENORETIC 50/12,5";""
"2182";"test covid - 19 (pcr)";""
"2183";"vaxIGRIPPE 2020/2021";""
"2184";"vaxIGRIPPE 2020/2021";""
"2185";"ASCARDIL 75 MG";""
"2186";"IRM CEREBRAL";""
"2187";"IRPHI PLUS 300/12,5MG";""
"2188";"NATRIXAM 1.5 MG / 10 MG";""
"2189";"oracilline ou starpen 1000";""
"2190";"STARPEN 1000";""
"2191";"alzeier almantin 10mg";""
"2192";" ALMANTIN 10MG";""
"2194";"FERPLEX 40MG FOL";""
"2195";"CO-ICARD 300/25MG";""
"2196";"avlova";""
"2198";"pcr";""
"2199";"MAXITONE CP EFFERVESCENT";""
"2200";"tecram 5mg";""
"2201";"-TRANSAMINAS  GOT";""
"2202";"-TRANSAMINAS GPT";""
"2203";"-HEMOGLOBINE";""
"2204";"VITAMINE D";""
"2206";"vizartAN 100MG";""
"2207";"-sCANER poumon";""
"2208";"-pcr";""
"2209";"LISOR10/5 MG";""
"2210";"ZAFIT 300MG";""
"2211";"vaxiGRIPPE tetra 2020/2021";""
"2212";"CHOLESTÉROL TOTAL, HDL, LDL";""
"2213";"OMEGEN";""
"2214";"HYTACAND 16 MG / 12.5 MG, Comprimé";""
"2215";"vitamine B12";""
"2216";"d-dimčres";""
"2217";"crp";""
"2218";"fibrinogčne";""
"2219";"aratens 50 mg";""
"2220";"BI PRETHERAX 10M/2,5MG";""
"2221";"-bilan covid";""
"2222";"blumag";""
"2223";"bilan covid";""
"2226";"cedol";""
"2227";"ARATENS 100 MG";""
"2228";"TRIPLIXAM10MG/2,5MG/5MG";""
"2230";"VIT D ";""
"2231";"DOLIPRANE 1000";""
"2233";"GLYCAN 500MG";""
"2234";"LEVOTHYROXINE 100MG";""
"2235";"VAXIGRIP TETRA";""
"2238";"-inr";""
"2242";"O";""
"2243";"co-avacor 150/12,5mg";""
"2244";"-ANGIOSCANER DES TRONCS SUPRAAORTIQUES";""
"2245";"CO-ICARD 300/1,52MG";""
"2246";"CO-ICARD 300/12,5MG";""
"2247";"APROVEL 300 MG/12,5mg";""
"2248";"docivox sirop";""
"2249";"flecaINide 100 MG";""
"2250";"surmontil gouttes";""
"2251";"COAPROVEL 300 MG/12,5MG";""
"2252";"ORADEXON 0,5MG";""
"2253";"MEGAFLOX 500 MG";""
"2254";"NOVEX ";""
"2256";"zetalax";""
"2257";"-CRÉATININE SANGUINE";""
"2258";"-NFS -VS";""
"2259";"BI PRETERAX 10M/2,5MG";""
"2261";"decrestin 5mg";""
"2262";"préviscan";""
"2263";"PRÉVISCAN 20mg";""
"2264";"oméprazol 20mg";""
"2265";"spironalactone 25mg";""
"2266";"decreSTIN 10MG";""
"2267";"-Ldl-chol";""
"2268";"biovanic 500";""
"2270";"OMRON N°3";""
"2271";"OMRON M 3";""
"2273";"CONTIFLO 0,4";""
"2274";"-feritinémie";""
"2275";"GLYCAN 850MG";""
"2277";"LASILIX 40MG";""
"2279";"D-CURE forte";""
"2280";"saturometre+";""
"2285";"rexaban 20mg";""
"2286";"rexaBAN 15MG";""
"2287";"TECRAM 10MG";""
"2288";"aod rexaban 15-20";""
"2289";"lynfaven";""
"2290";"AMOXYL 1 G  boite de 24";""
"2291";"turbuhaler 200/6ug/dose";""
"2292";"apixol";""
"2293";"peridys";""
"2294";"ofiken 200mg";""
"2295";"neoclav 1g";""
"2296";"ineso 40 mg";""
"2297";"AM10";""
"2298";"-VIT D2/D3";""
"2299";"TECRAM 2,50MG";""
"2300";"NODOL";""
"2301";"NO-DOL CODEINE 500/30MG";""
"2303";"ictaves 10mg";""
"2304";"CORDARONE 200MG";""
"2305";"inéso 20mg";""
"2306";"carivalan 6,25/5mg";""
"2307";"carivALAN 12,5/5MG";""
"2308";"arvidilol+b- carivalan";""
"2309";"TECRAM 2,5MG";""
"2311";"lisofer";""
"2312";"focaort";""
"2313";"GALVUS MET 50 MG / 850";""
"2314";"BIOLECTRA 300";""
"2315";"FINOLA 200";""
"2317";"ivabradine+carved carivalen";""
"2318";"LOTEVAN 10/320";""
"2319";"valphi plus 80/12,5 mg
LOSACAR 50/12,5";""
"2320";"DIPREZAR 50 mg/12,5";""
"2321";"panalGIC 500mg/50mg";""
"2322";"bisoprolol 10mg";""
"2324";"rosuva 10mg";""
"2325";"RACIPER 20 MG";""
"2326";"RANCIPHEX 20 MG BOITE DE 14";""
"2329";"IRPHI  PLUS 150 MG/25MG";""
"2330";"rien";""
"2331";"FLOWAIR 10MG";""
"2332";"HEMOPASS DUO 75/75";""
"2333";"CO-PLAVIX GENERIQUE HEMOPASS DUO";""
"2334";"CEFALINE";""
"2335";"-RADIO POUMON";""
"2336";"SCANNER THORACIQUE";""
"2337";"scanner abdominale";""
"2338";"ASTAPH 500MG";""
"2339";"lysanxia gouttes
LAROXYL 25 MG";""
"2340";"hemopass duo 75mg/100mg";""
"2341";"IPP 20MG";""
"2342";"CALCIUM SANDOZ";""
"2343";"CALCIUM SANDOZ (enfant)";""
"2344";"Zinaskin 45mg cp eff";""
"2346";"concor amlo5mg/5mg";""
"2347";"aca+bb concor amlo 5/5";""
"2348";"bicardol 5mg";""
"2349";"PAS DE TRAITEMENT";""
"2350";"TECRAM 1,25MG";""
"2351";"RELARQUE:";""
"2352";"CARDIOFLEX 100MG";""
"2353";"ARTEMON 05/10 MG";""
"2354";"ATIKEN 80mg";""
"2355";"-procalcitonine";""
"2356";"d-cuRE 100 000 ui ";""
"2357";"VASTAREL 80 MG";""
"2358";"ictavES 5MG";""
"2359";"BICARDOL 10MG";""
"2360";"tecRAM 2,5";""
"2361";"PLAQENIL 200MG";""
"2362";"AZITHROMYCINE 500MG";""
"2363";"hibor 5000";""
"2364";"CO-AVEPRO 300 MG / 12.5 MG, Comprimé
";""
"2365";"pregnancy";""
"2366";"CARDIOASPIRINE 100MG";""
"2367";"APENAT";""
"2368";"FITORAX";""
"2369";"BAS VARICES varisan";""
"2370";"MEGASFON 150 MG suppo";""
"2371";"BETSERC 24 MG";""
"2372";"locard 5mg";""
"2373";"VITAMAG-GS";""
"2374";"NEBILEF5T 5MG";""
"2375";"atarax araxet 25 MG, Comprimé";""
"2376";"ARAXET 25 MG, COMPRIMÉ";""
"2377";"magfil plus ";""
"2378";"cotareg 160/12,5 mg";""
"2379";"HIBOR 3500";""
"2380";"ADVAQUENIL 200";""
"2381";"lisor 10mg/5mg";""
"2382";"bisopROLOL 5MG";""
"2383";"hemoreine";""
"2384";"REXABAN 10MG";""
"2385";"igg";""
"2386";"igm";""
"2387";"concentrateur d'oxygčne 5l";""
"2388";"fiblix 40mg";""
"2389";"BISOPRAL 5MG";""
"2390";"chlorydzar 25mg";""
"2391";"DITROPAN 5 MG, Comprimé sécable";""
"2392";"vitamine K1";""
"2393";"biflex";""
"2394";"ubiprox 250mg";""
"2395";"novartis 400mg cr";""
"2396";"tegRETOL 400MG";""
"2397";"EXFORGE HCT 5 mg/160 mg/25 mg";""
"2398";"valphi plus 160/12,5 mg";""
"2399";"vitagam fer";""
"2400";"ancine 100mg";""
"2401";"ANCINE PLUS 100/25 mg";""
"2402";"ame 5";""
"2403";"TRITAZIDE 10MG/12,5MG";""
"2404";"VERTIGES LECTIL 16MG 1CP2X/J 30J";""
"2405";"LECTIL 16MG";""
"2406";"LASILIX  400MG";""
"2407";"primALAN 10 mg ";""
"2408";"co-amarel";""
"2409";"METFORMINE WIN 1000";""
"2410";"fluDEX1,5 MG";""
"2411";"RAMIPRIL 5MG";""
"2412";"CEDOL75/100";""
"2413";"cedOL75/100";""
"2414";"CO-ARAPRO 150MG/12,5MG";""
"2415";"aranesp 30pico gramme";""
"2416";"bi-hyplos 50/12,5";""
"2417";"EXFORGE 5 mg/160 mg";""
"2418";"CORDARONE ";""
"2419";"heptamyl gutte";""
"2420";"heptamyl gouttes";""
"2421";"SERETIDE 500";""
"2422";"N_produit	N_ord	produit	posologie	DUREE
33654	12123	ASPEGIC 100 MG	1 sachet 1 x par jour	Traitement de 3 mois
33655	12123	DI";""
"2423";"stilnOX 10mg";""
"2424";"candesartan gt 8mg";""
"2425";"bestor 20MG";""
"2426";"co-plaVIX 75/100mg";""
"2427";"emoflon 25mg";""
"2428";"CO medzar 50/12,5";""
"2429";"rifomag";""
"2430";"IPP ";""
"2431";"CIRCULEX crčme";""
"2432";"circULEX cp";""
"2433";"decretsin 10mg";""
"2434";"TRIPLIXAM10MG/2,5MG/10MG";""
"2435";"mazax 500mg";""
"2436";"CIRCULEX POMMADE";""
"2437";"NOVEX";""
"2438";"apazid 200";""
"2439";",";""
"2440";"4144";""
"2441";"RAMIPRIL 2,5 MG";""
"2442";"contiflo 0,4mg";""
"2443";" n";""
"2444";"ADETIVA";""
"2445";"Trandate 200 mg, comprimé pelliculé, boîte de 30";""
"2446";"esidreX 25mg";""
"2447";"muxoL sirop";""
"2448";"AMOvas 10MG";""
"2449";"˛";""
"2450";"COTAREG 160/25";""
"2451";"Bbicardol 5mg";""
"2452";"AVACOR 150 MG/12,5mg";""
"2453";"BICARDOL 2,5MG";""
"2454";"RYTHMOL 150 MG";""
"2455";"BIPROL5MG";""
"2456";"CO-ACARD 150/12,5";""
"2457";"RELAXOL 500mg /2mg";""
"2458";"PRAVAFENIX, Gelule";""
"2459";"IRPHI  PLUS 150 MG";""
"2460";"UBIPROX 500MG";""
"2461";"soluMEDROL 120 MG
SOLUMEDROL 40 MG";""
"2462";"VYOXET";""
"2463";"VYOXET 20MG";""
"2464";"ICTAVES 20MG";""
"2465";"loscita 10mg";""
"2466";"TENSIMEDE";""
"2467";"FORXIGA 10MG";""
"2468";"ubiorox 500mg";""
"2469";"vitanevryl fort";""
"2470";"strapen 1000";""
"2471";"RELAXIUM 375 B6";""
"2472";"oxymetre";""
"2473";"-d dimčres";""
"2474";"CYCLO 3 FORT , Gélule";""
"2475";"epigab 75";""
"2476";"venoreine";""
"2477";"CO-TAREG 80 MG / 12,5 MG, Comprimé pelliculé";""
"2478";"cardivel 150 mg";""
"2479";"+";""
"2480";"acol 1000mg";""
"2481";"CO VEZAR  300/25";""
"2482";"noveX 6000";""
"2483";"OEDES 40 mg";""
"2484";"Prix de LEVETIRACETAM EG 250  mg";""
"2485";"LEVETIRACETAM EG 250  MG";""
"2486";"vaxigRIP TETRA 2021/2022";""
"2487";"ferroline b9";""
"2488";"calcimat 500 mg";""
"2489";"curcuflex forte";""
"2490";"21";""
"2491";"aldopa 250mg";""
"2492";"eliquis 5mg";""
"2493";"LOZARTAN GT 100MG/25MG";""
"2494";"sotalol";""
"2495";"zytHROMAX 500mg";""
"2496";"neoflX gel";""
"2497";"AVACOR 300 MG/12,5MG";""
"2498";"VAXIGRIP TETRA 2022/2023";""
"2499";"terfine 250mg";""
"2500";"lanzen30";""
"2501";"LANZEN 30 mg";""
"2502";"irphi 80 mg";""
"2503";"novortAN plus 150MG/12,5mg";""
"2504";"ROULAXOL";""
"2505";"TENSIOMETRE OMRON N°2";""
"2506";"no-dip 50 mg";""
"2507";"COAVACOR 150/12,5 MG";""
"2508";"CORDARONE";""
"2509";"NO-SPA 40mg/2ml";""
"2510";"XYZALL 5MG";""
"2511";"gfheghjghjhjh";""
"2512";"OUDES";""
"2513";"eliquis 5 mg";""
"2514";"ELIQUIS 2,5 MG";""
"2515";"DOLPINE 5MG";""
"2516";"LOTEVAN 320/5";""
"2517";"energie tigra+ men";""
"2518";"rennie";""
"2519";"nurodol";""
"2520";"zovrax 5% crčme";""
"2521";"ventOLINE spray";""
"2522";"vit d3 200000";""
"2523";"N_produit	N_ord	produit	posologie	DUREE
45631	16482	FERPLEX 40MG	1 AMP2X/J	Traitement de 3 mois";""
"2524";"
45631	16482	FERPLEX 40MG	1 AMP2X/J	TRAITEMENT DE 3 MOIS";""
"2525";"condesartan hydrochlorothiazide 16/12,5";""
"2526";"LD-NOR ";""
"2527";"SURGAM ";""
"2528";"CATAFLAM";""
"2529";"NO-DOL";""
"2530";"ACLAV";""
"2531";"ADO ";""
"2532";"zyloric 200mg";""
"2533";"ISALIS 20MG";""
"2534";"HYTACAND 8 MG / 12.5 MG";""
"2535";"CO-AVACOR 300/12,5MG";""
"2536";"SICOR";""
"2537";"irvanion 5mg";""
"2538";"COSYREL 5MG/10MG";""
"2539";"ivaral 5mg";""
"2540";"BISOPROL2,5MG";""
"2541";"LASILIX40";""
"2542";"FOSTER 100/6";""
"2543";"IMETH 10";""
"2544";"vastarel 80 mg";""
"2545";"CANDESARTAN hydrochlorothiazide gt 16/12,5";""
"2546";"tareg 80mg";""
"2547";"rosar 50mg";""
"2548";"NAUSELIUM sirop";""
"2549";"SULIAT 80 MG / 5 MG, Comprimé pelliculé";""
"2550";"BEPANTHENE 5%, Crčme";""
"2551";"FLUDEX 1.5 MG";""
"2552";"furadantine 50mg";""
"2553";"nooTROPYL  20%";""
"2554";"macromax 500";""
"2555";"plaviX  75 ";""
"2556";"NO-DEP 25MG";""
"2557";":";""
"2558";"METOTEXATO SEMANAL WYETTH 2,5MG";""
"2559";"agaz";""
"2560";"ACLAV 500/62,5";""
"2561";"folitan";""
"2562";"LISOR 10MG/10MG";""
"2563";"covacor 300/12,5";""
"2564";"ineso 20 mg";""
"2565";"NURAMAG 375MG";""
"2566";"FLECAINIDE100 MG";""
"2567";"omeGEN 20 mg";""
"2568";"omron";""
"2569";"tensiometre OMRON";""
"2570";"AMOXYL 3G";""
"2571";"NOVEX 4000 UI antiXa / 0.4 ML, Solution injectableNOVEX 4000 UI antiXa / 0.4 ML, Solution injectable";""
"2572";"NOVEX 4000 UI antiXa / 0.4 ML, Solution injectable";""
"2573";"defax 30mg";""
"2574";"ZYLORIC 200MG";""
"2575";"CO-IRVEL 300/25 mg";""
"2576";"irvecor 150/5";""
"2577";"VICTOZA 6MG/ML";""
"2578";"hexaspry";""
"2579";"CONDESARTAN gt 8 mg";""
"2580";"diamiCRON 30 MG ";""
"2581";"algik 500/50";""
"2582";"V";""
"2583";"bétasthčne";""
"2584";"TRITAZIDE 5 MG / 25 MG, Comprimé sécable";""
"2585";"UPERIO 100 MG";""
"2586";"enrouex 125 ml";""
"2587";"suvreza";""
"2588";"zithrOMAX 500 MG";""
"2589";"bourget insitol";""
"2590";"cicloVIRAL 800";""
"2591";"icin gouttes";""
"2592";"lacryvisk";""
"2593";"aqualarm gtt";""
"2594";"visiolux gtt";""
"2595";"influvac tetra";""
"2596";"ferpLEX fol";""
"2597";"arcoXIA 120MG";""
"2598";"DOLIGRIPPE 500/200/25";""
"2599";"extravit";""
"2600";"TRIMEDAT 150 MG, Suspension buvable en sachet";""
"2601";"ACLAV 1G/125MG";""
"2602";"ENROUEX SIROP";""
"2603";"alyse 25mg";""
"2604";"NATRIXAM 10MG";""
"2605";"CO-AVACOR 300/25MG";""
"2606";"TRAJENTA 5 MG, Comprimé pelliculé";""
"2607";"INEGY 10 MG / 20 MG, Comprimé";""
"2608";"codolIPRANE 400/20mg";""
"2609";"ivaral 7,5";""
"2610";"AUGMENTIN 1G /125";""
"2611";"dicloced 1mg/ml";""
"2612";"EZETROL 10 MG, Comprimé";""
"2613";"RAMIPRIL 1,25 MG";""
"2614";"MIRZAM 1.25 MG, Gélule";""
"2615";"PENITARD 600 mui";""
"2616";"VELAXOR LP 75 MG";""
"2617";"OREXIVIT";""
"2618";"HEMOPASS DUO 75 MG / 100 MG";""
"2619";"co-rosat 50/12,5";""
"2620";"co-roSA 50/12,5";""
"2621";"jJuvaTonus Ginseng Tonus";""
"2622";"apres bilan,";""
"2623";"ZAURAC 20MG";""
"2624";"apaxia 5mg";""
"2625";"TRAMADOL NORMON 100 MG / Solution injectable";""
"2626";"LASILIX SPECIAL 500 MG, Comprimé";""
"2627";"eutirox 112";""
"2628";"IRPHI  PLUS 300 MG/12,5MG";""
"2629";"edarbi 40mg";""
"2630";"CONTIFLO OD 0.4 MG,";""
"2631";"juvatonus ginseg tonus";""
"2632";"magvital forte 147 amp";""
"2633";"MAGVITAL FORTE 14 AMP";""
"2634";"MAGVITAL FORTE 30 AMP";""
"2635";"pririL 1,25 mg";""
"2636";"TECPRIL1,5MG";""
"2637";"vita C 1000 sans sucre";""
"2638";"codoLIPRANE 400mg/20 mg";""
"2639";"galvus mET 50 MG / 1000 mg";""
"2640";"hylo comod";""
"2641";"opra 20mg";""
"2642";"EDARBYCLOR 40/25";""
"2643";"adronat 70mg";""
"2644";"kalmacol cp";""
"2645";"DICETEL";""
"2646";"SAFRAXETINE";""
"2647";"DOLIFINE";""
"2648";"DOLIFEN 600 MG, Comprimé pelliculé";""
"2649";"foseal 80";""
"2650";"ceres";""
"2651";"polymag ";""
"2652";"VITAMINE C 1000 sans sucre";""
"2653";"LIPOROSA 10/10";""
"2654";"LIPOROSA 20/10";""
"2655";"batens 10 mg";""
"2656";"euzol 20 mg";""
"2657";"aflamic 15mg";""
"2658";"COVEP";""
"2659";"aflamin 15mg";""
"2660";"STANORM 40MG";""
"2661";"euzoL 40 MG";""
"2662";"maltofer 100 mg";""
"2663";"TECPRIL1,25MG";""
"2664";"EDARBIyclor 40MG/25mg";""
"2665";"suliAT 160/10/12,5";""
"2666";"EFICAL, Sirop";""
"2667";"PLAVIX  300";""
"2668";"CONTALAX";""
"2669";"jardinance 25mg";""
"2670";"MEIACT 200 MG, Comprimés pelliculé";""
"2671";"xilam 5mg/160mg";""
"2672";"xilAM hct 10mg/160mg/25mg";""
"2673";"BATENS 5 MG";""
"2674";"DASEN 10000 UI, Comprimé enrobé gastro-résistant";""
"2675";"INOPRIL4MG/1,25";""
"2676";"covaCOR 150/12,5";""
"2677";"AFLAMIC 7,5";""
"2678";"LOTEVAN 320/10";""
"2679";"alora 5mg";""
"2680";"hansal Mg 375";""
"2681";"ALDORA 5MG";""
"2682";"rosuva sun 10";""
"2683";"rosucal 5mg";""
"2684";"edarbyCLOR 40/12,5";""
"2685";"ROSUCAL 20mg";""
"2686";"FLUOXETINE EG 20 mg";""
"2687";"oxarol 20mg";""
"2688";"OXAROL 15MG";""
"2689";"OXAROL 10MG";""
"2690";"nabicard 5mg";""
"2691";"lisor 20MG/10MG";""
"2692";"valmep 10/160";""
"2693";"azyx 500";""
"2694";"magnemar b6 300";""
"2695";"ansiovit";""
"2696";"PENITARD 1.2 MUI (IM)";""
"2697";"IRPHI  PLUS 300 MG/25MG";""
"2698";"OUDES20";""
"2699";"terazocine 5 mg";""
"2700";"TERAZOCINE 5MG";""
"2701";"viacoram3,5/2,5";""
"2702";"omEGEN20";""
"2703";"XILAM HCT 10MG/160MG/2,5MG";""
"2704";"FOSEAL 800";""
"2705";"apixaban 5mg";""
"2706";"coeril plus";""
"2707";"LYRICA 75 MG, Gélule";""
"2708";"VITADROP, Solution ophtalmique";""
"2709";"vita pos";""
"2710";"hydramedNight pommade";""
"2711";"VITA POS POOMADE";""
"2712";"medep 10mg";""
"2713";"GASTROGEL SIROPT";""
"2714";"GASTROGEL SIROPT";""
"2715";"GASTROGEL SIROPT";""
"2716";"NORMATENS 50 MG, Comprimé";""
"2717";"GLYCAN retard 850MG";""
"2718";"newvast 40mg";""
"2719";"flowaIR 5MG";""
"2720";"tetra mag";""
"2721";"carbozen";""
"2722";"CARBOZEN 60 gelules";""
"2723";"acerola vitamine c";""
"2724";"D-CURE 25000";""
"2725";"FOLIO";""
"2726";"apxia 50";""
"2727";"APIXOL SIROP";""
"2728";"JUVATONUS, Comprimé effervescent";""
"2729";"omeprazol 20mg";""
"2730";"ANXIOL 6mg";""
"2731";"BIOVANIC 500 BOITE DE 7CP";""
"2732";"ld-NOR 10mg ";""
"2733";"INSO";""
"2734";"TRIAXON 500MG";""
"2735";"juvAMYNE amp";""
"2736";"VIT C 1000";""
"2737";"NEUTRAGAZ";""
"2738";"neutragaz plus";""
"2739";"xylam 5/160";""
"2740";"XiLAM 5/160";""
"2741";"prezar 50mg";""
"2742";"apixa 2,5 mg";""
"2743";"c-ferone";""
"2744";"IRPHI PLUS 150 MG / 12.5 MG , Comprimé pelliculé
";""
"2745";"APIXA 5 MG";""
"2746";"LAROXYL 40 MG / ML, Solution buvable en gouttes 

LAROXYL 25 MG";""
"2747";"SYMBICORT TURBUHALER 200 µg / 6 µg, Poudre
";""
"2748";"ferontyl";""
"2749";"NEVAST 20MG";""
"2750";"AMOXYL 3 G   ";""
"2751";"MALTOFER 100 MG, Comprimé pelliculé
";""
"2752";"TOUDEX";""
"2753";"SEDISOL";""
"2754";"DYNATENS, Comprimé
";""
"2755";"LIPOROSA 20 MG / 10 MG, Gélule";""
"2756";"CELEBREX 200 MG, Gélule";""
"2757";"ALVITYL SIROP";""
"2758";"TARD°098";""
"2759";"oxarol 3";""
"2760";"UPERIO 100MG";""
"2761";"co-rosar 50/12,5";""
"2762";"thiasix";""
"2763";"EXVALS Plus 5/160/12,5";""
"2764";"RIVALTO 20";""
"2765";"rivalto 20";""
"2766";"TRIPLIXAM 10 MG / 2.5 MG / 5 MG, Comprimé pelliculé";""
"2767";"rivALTO 15";""
"2768";"8358";""
"2769";"maxiclav";""
"2770";"MAXICLAV 1g/125mg";""
"2771";"STARVAL 160 MG";""
"2772";"COAVACOR 300 MG / 12.5 MG, Comprimé pelliculé";""
"2773";"neuraxone";""
"2774";"apxia 2,5";""
"2775";"ANTI-HEMORROIDAIRE, Pommade
";""
"2776";"ATENOLOL 100MG";""
"2777";"newvast 10mg";""
"2778";"vogaleNE sirop";""
"2779";"suvas iberma 20mg";""
"2780";"TETHRA MAG 375";""
"2781";"RELAXOL 500 MG / 2 MG, Comprimé
";""
"2782";"FEROSOMAL ";""
"2783";"-cholestérol total";""
"2784";"-hdl";""
"2785";"-TRIGLYCÉRIDES";""
"2786";"-VIT D ";""
"2787";"-HDL CHOLESTEROL";""
"2788";"-GLYCÉMIE";""
"2789";"-troponines";""
"2790";"ZAMOX 1G/125MG";""
"2791";"- sgot sgpt";""
"2792";"CARDENSIEL 5MG ";""
"2793";"mizral 5mg";""
"2794";"co-cardizar 50/12,5";""
"2795";"SUVAS IBERMA 10MG";""
"2796";"
RAMIPRIL WIN 5 MG, Comprimé";""
"2797";"ramipril win 2,5mg
RAMIPRIL WIN 5 MG, COMPRIMÉ";""
"2798";"kit de mesure de glycemie";""
"2799";"SPASMAG 1.2 G, Solution buvable";""
"2800";"IRVECOR 300/10";""
"2801";"IRVECOR 300MG";""
"2802";"IRVECOR 150/10";""
"2803";"IRVECOR 300/5";""
"2804";"cladia";""
"2805";"deflazacorte gt 30mg";""
"2806";"XILAM 10 MG / 160 MG, Comprimé pelliculé
";""
"2807";"XILAM 10 MG / 160 MG";""
"2808";"---";""
"2809";"foracort 400mg";""
"2810";"JARDIANCE 10 mg 
";""
"2811";"almlor10mg";""
"2812";"forgxica 10mg";""
"2813";"FORXICA 10MG";""
"2814";"ROSUCAL 10MG";""
"2815";"NEWVAST 80MG";""
"2816";"FORXIGA 10 MG
";""
"2817";"APIXOL cp ŕ sucer";""
"2818";"PULMOFLUIDE";""
"2819";"D-CURE forte  100 000 UI ";""
"2820";"apazide 200";""
"2821";"NATURMAG";""
"2822";"condESARTAN GT16 MG";""
"2823";"N_produit	N_ord	produit	posologie	DUREE
h";""
"2824";"valterio 10 mg";""
"2825";"VALTERIO 15 MG";""
"2826";"VALTERIO 20 MG";""
"2827";"edarby 80MG";""
"2828";"candeSARTAN GT 16MG";""
"2829";"diclovac 3,25";""
"2830";"HYFRESH, Solution ophtalmique
";""
"2831";"2.	Zelitrex 500 mg ";""
"2832";"ZELITREX 500 MG ";""
"2833";"neoflex gel";""
"2834";"NURODOL 400MG";""
"2835";"adia!flor";""
"2836";"NO-DEP 50MG";""
"2837";"naturMAG 500";""
"2838";"enalapril 5mg";""
"2839";"preasugrel 10mg";""
"2840";"ezetimib";""
"2841";"EZETIMIBaspifox 20/100";""
"2842";"EXFORGE HCT 10MG/160MG";""
"2843";"daivobet";""
"2844";"co-meDZAR 100/25 mg";""
"2845";"salbutamol";""
"2846";"OMEPRAZOLE  2MG/ML";""
"2847";"LOPERA";""
"2848";"TECPRIL 2,5MG";""
"2849";"Lyrica 50mg";""
